1,Better With SATO Africa,"Stock our award-winning products in your hardware store in Homabay today!

Order 50+ SATO units and enjoy our wholesale prices!

To order, contact us on 0800722233 (free of charge).

#SATO_Toilets #SanitationForAll #BusinessForGood #BetterWithSATO_Africa #BetterWithSATO_Kenya https://t.co/vJZUWbdX6d",Mon Nov 20 09:49:50 +0000 2023,4,134
2,Chanzi,"Mfugaji usipitwe!!! Bidhaa za Chanzi zinapatikana

Kenya Prices:
- Chanzi dried retail (1kg) - KES 110/=
- Chanzi dried wholesale (1kg) - KES 100/=
- Chanzi Wet (1kg) - KES 50/=
- Frass/Mbolea (per MT) - KES 12,500/= (wholesale), KES 15,000/= (retail) https://t.co/Dy5PGnSYQF",Thu May 16 13:39:55 +0000 2024,0,0
3,Nurdin,NEWS JUST IN: Massive celebrations in Kenya Kwanza strongholds as the Gov't increases fuel prices from KES 156 per litre to KES 179 per litre. Hustlers who've been interviewed say they thank God for increasing the cost of living and bringing Freedom At Last. David Ndii Ni God https://t.co/wytK7peT3Y,Thu Sep 15 07:55:13 +0000 2022,53,321
4,Fostina Mani,"In Kenya you can sell for more than Ksh4,000/bag. Where?
https://t.co/DSI5SxOdv1
#wholesale #retail #prices #womeninagribusiness #bettagrains #fostinamani #afcfta #agenda2063 #theafricawewant #theafricaiwant https://t.co/xnPWTAIWhj",Tue Aug 27 10:00:01 +0000 2024,0,0
5,Fostina Mani,"A 400 bags Lorry of maize can earn you a profit of Ksh720,000(USD$3,718) in Kenya
Where?
https://t.co/DSI5SxOLkz
#wholesale #retail #prices #maizemarket #maizeprofit #womeninagribusiness #bettagrains #fostinamani #afcfta #agenda2063 #theafricawewant #theafricaiwant https://t.co/rAodVAf1LB",Thu Aug 29 10:00:02 +0000 2024,0,0
6,Exotic Marinelife,"Weâ€™re offering wholesale prices on live ornamental aquatic fish, perfect for your aquarium or business From Kenya.
ğ„ğ¦ğšğ¢ğ¥: ğ¦ğšğ«ğ¤ğğ­ğ¢ğ§ğ @ğğ±ğ¨ğ­ğ¢ğœğ¦ğšğ«ğ¢ğ§ğğ¥ğ­ğ.ğœğ¨ğ¦
ğ–ğ¡ğšğ­ğ¬ğ€ğ©ğ©:+ğŸğŸ“ğŸ’ğŸ•ğŸ’ğŸ”ğŸ•ğŸğŸğŸğŸğŸ–
https://t.co/P19ySvul4x

 #MarineLife #AquaticFish https://t.co/YsaftwY6OR",Thu Nov 14 06:04:22 +0000 2024,0,1
7,Mynzagric254,"Pomegranate Farming- Kuku Manga

In Kenya, the retail prices for one fruit range from Ksh 150 â€“ ksh 300 while the wholesale prices range from Ksh 80 â€“ Ksh 100. The fruit retails at premium prices in the export market with one kilo going for an average price of between Ksh 1500 â€“ https://t.co/rWS90Fa0Ph",Tue Jul 11 06:29:14 +0000 2023,0,10
8,Iano_Pianno,"Today @3stakes https://t.co/csWfxETqw2, location Ruiru Kenya, we are here to provide quality Dark Red Kidney Beans at good affordable wholesale  prices straight outta ğŸ‡¹ğŸ‡¿..
My DM is always open #leteniKazi 
#LetsFeedKenya ğŸ‡°ğŸ‡ª https://t.co/1tP1NzVNG7",Thu Mar 30 08:59:45 +0000 2023,1,5
9,www.utlkenya.com,"Pitieni hapa  @utlkenyaltd mchukue sneakers na wholesale prices 

#Gaucho
#minne
#WinnieOdinga
#SecretService
#RHONairobi https://t.co/JdDlCEPgLx",Fri Jun 02 06:28:47 +0000 2023,0,4
10,Reflexfootwear,"Safety boots are mandatory in all industrial setups. Genuine leather-made boots at the best wholesale prices.Sizes 41-45
0782861044
reflexfootwearkenya@gmail.com

#SabaSabaMarchForOurLives Gaucho Kenyatta Kitengela Resign Jay Z #Threads Kenya-Somalia Kiambu Hospital Young Sheldon https://t.co/PnK0PQp9yz",Thu Jul 06 06:16:44 +0000 2023,0,0
11,Reflexfootwear,"Gent's Sandals, Fancy Ladies' shoes, Kids' Shoes, and School Shoes are available at wholesale &amp; Retain Prices.
Contact +254782861044 Email: reflexfootwearkenya@gmail.com

#QueenCharlotteKe May the 4th George Floyd Kenya Kwanza Kalonzo Japan Isaac Ruto Netherlands Dinywa https://t.co/YBgp1au871",Thu May 04 07:20:04 +0000 2023,0,0
12,Carpet City Kenya,"The Salamanca Collection is Here!

Weâ€™re excited to introduce the Salamanca Poster Collection at unbeatable wholesale prices. Perfect for bulk buyers and businesses looking to stock up.

Minimum Order: 10 pieces per size.

This is a golden opportunity for resellers to offer https://t.co/FSl7q2OIjR",Tue Dec 17 10:33:47 +0000 2024,0,0
13,Shomoto Autosâ„¢,"ğŸš— Import Cars at Wholesale Prices â€“ No Financing Required! ğŸš—
Get unbeatable prices on imported cars with Shomoto Auto Kenya! No financing, just great deals &amp; top-quality cars delivered to your doorstep.
Learn More: DM us or call (+254) 720 487 532!
#WeDeliverYourDreamCars https://t.co/M1udPT928z",Sun Dec 29 08:30:13 +0000 2024,0,1
14,SarahğŸ¦‹,"Explore the latest styles with UTL Kenya! Grab high-quality, stylish hoodies at unbeatable pricesâ€”just Ksh 1900 for wholesale and Ksh 2500 for retail. Don't miss out on this deal!
SMEs FreeMarket DayLeo
#RobisearchFreeMarketDay 
Join Robisearch XSpace 8PM https://t.co/C7P9axJzPX",Tue Sep 24 09:02:25 +0000 2024,0,0
15,Ger Wholesale,"ğŸŒ¾ Fresh from Kenya to Your Plate - GER Wholesale ğŸŒ¾

At GER Wholesale, we take pride in sourcing the finest grains directly from dedicated Kenyan farmers. Our mission? To bring you the best quality at the most affordable prices. ğŸŒğŸŒ½ https://t.co/P1RtMIoQ97",Tue Jan 16 12:11:37 +0000 2024,0,0
16,TUKO.co.ke | The Heartbeat of Kenya,"Do you believe Kamukunji, Dubois, Nyamakima, Luthuli and Eastleigh traders offer affordable wholesale and retail prices for goods? Why? 

#tukonews #Kamukunji #Kenya #Nyamakima https://t.co/SzLNZPwUFM",Tue Feb 28 08:12:31 +0000 2023,2,31
17,Popote Printers and Branding,Looking for affordable printing papers in Kenya? Our wholesale prices in Nairobi will save you money while providing top-quality materials. #PrintingPapersPriceInKenya #PhotocopyPapersWholesalePriceInNairobi #PrintedServices #PrintedNearMe #printing #printingitem https://t.co/S1MTAquL7T,Wed Mar 29 18:33:58 +0000 2023,0,0
18,Brick Cigars Kenya,Are you a retailer interested in getting cigars in bulk? Elevate your establishment by getting cigars at wholesale prices today! Our team is ready to guide you every step of the onboarding process so that you get started on cigars without a hustle. Inbox/call for enquiries! https://t.co/jDbt9gpHnk,Wed Mar 13 12:13:22 +0000 2024,4,9
19,NTV Kenya,"William Ruto: Kenya is spending KSh. 360B to import food and food items.

'Every Kenyan knows that the price of a 2kg packet of unga is now KSh. 230, up from KSh. 75 in 2018.'

#KenyaKwanzaManifestoLaunch #Maamuzi2022 https://t.co/aYgtxmo4N7",Thu Jun 30 16:38:39 +0000 2022,106,503
20,Avania Kenya,"Get Smartwatch At Wholesale Prices 
Call 0795489369
Our store is located at Moi Avenue, Bazaar Plaza, 10th floor, Wing A,  Office Suite No. 1029, Nairobi.
 #Dubaiwholesalemarket  @dubaiwholesalem https://t.co/j66Xpg9AtQ",Tue Mar 19 08:14:15 +0000 2024,4,5
21,Bloomship,"ğŸ›ï¸ Looking for the best wholesaler in Kenya?

Discover Akaya Fashion Line's new products:
âœ… Top quality guaranteed
âœ… Best wholesale prices
âœ… Perfect for businesses &amp; individuals

Shop now ğŸ‘‰ https://t.co/PmhD0J5Q9o

#AkayaFashionLine #WholesaleKenya #Bloomship https://t.co/pK8O9ACq6C",Wed Jan 15 10:51:12 +0000 2025,1,3
22,Job Nyumu Solomon,"We sell laptops at the best prices in Kenya, both wholesale and retail.. WhatsApp 0113537272

#MarthaKoome #MainaNjega https://t.co/LCijZWeYnf",Wed Oct 23 13:14:06 +0000 2024,0,0
23,Hussein Karimji,"New Stock Arrived!
Gents Urinal ğŸš½

Bring the best and let your home feel elated!
Best &amp; Affordable SanitaryWare Item Wholesaler in Kenya.

Wholesale prices, exceptional value!
Reach us@ 0721778844 â˜ï¸ https://t.co/QQIhIFBNGo",Fri Nov 10 07:12:17 +0000 2023,0,0
24,Pauline Njoroge,Ata kama ni kukuwa slow scientist jameni! How is $1.435 (price in UG) cheaper than $1.167 (price in Kenya)? https://t.co/6SU9kBL9Ja,Thu Apr 07 07:35:09 +0000 2022,156,850
25,Hussein Karimji,"New Stock Arrived!
P-Trap Toilets ğŸš½
Modern-day hygiene saviors!

Best &amp; Affordable SanitaryWare Item Wholesaler in Kenya.
Wholesale prices, exceptional value

Reach us@ 0721778844 â˜ï¸
#inspirationalspaces #CraftedToPerfection #nairobi #nairobikenya #formlabkenya #sanitaryware https://t.co/RPchjgcyM2",Tue Nov 14 05:03:41 +0000 2023,0,0
26,Hussein Karimji,"New Stock Arrived!
Closed Couple (Half Set)

Where hygiene meets comfort!
Best &amp; Affordable SanitaryWare Item Wholesaler in Kenya

Wholesale prices,exceptional value

Reach us@ 0721778844
#inspirationalspaces #CraftedToPerfection #nairobi #nairobikenya #formlabkenya #sanitaryware https://t.co/n1S5pWLVdt",Tue Oct 17 06:04:10 +0000 2023,0,0
27,Hussein Karimji,"Closed Couple (Half Set)

Safeguarding your hygiene with our sanitary regime!
Best &amp; Affordable SanitaryWare Item Wholesaler in Kenya.

Wholesale prices, exceptional value
Reach us@ 0721778844â˜ï¸

#inspirationalspaces #CraftedToPerfection #nairobi #nairobikenya #sanitaryware https://t.co/O8MlwbxAIF",Mon Oct 23 06:54:09 +0000 2023,0,0
28,Economics Students Association of Kenya,"Holiday hacks
Be keen on discounts
Pool together and buy in bulk to enjoy wholesale prices.
Ensure  rent, fare and food aint compromised.
Go for what you can afford that is about 2% of your annual earnings. 
#festive 
#kcse
#Christmas 
#familyfun https://t.co/XF1LotviTa",Wed Dec 20 07:48:11 +0000 2023,1,5
29,Mike,Kenya continues to experience a sharp increase in wholesale sugar prices compared to other cities across Eastern Africa even as the regional market stabilise.,Mon Oct 21 13:28:07 +0000 2024,6,18
30,www.utlkenya.com,"Fashion thread â€¦.

Save your money by buying mens &amp; ladies apparels at wholesale prices only @utlkenyaltd

Prices indicated on the photos

Order now &amp; get delivery right at your doorstep countrywide 

#KateActress
#Phil
#Lockdown 
#Kasarani
#ShameOnMPWamaua 
#RadioMaisha https://t.co/SY2nuqDgtQ",Wed Sep 20 04:28:20 +0000 2023,2,3
31,www.utlkenya.com,"Shop for beauty,personal care products and accessories at wholesale prices from UTL Kenya

#KenyaPower
#Gaucho
#Duale
#Njambi
#SabaSabaMarchForOurLives https://t.co/uh65iqhxKJ",Thu Jul 06 07:16:31 +0000 2023,2,4
32,MMBESHA MAHOGANY PRODUCTS.,"Construction PU Foam &amp; Doorlocks all wholesale prices ğŸ’¥
â˜ï¸0707024100
ğŸ“Œ Gikomba Nairobi &amp; Witeithie Thika Road

Dj Evolve Somalia #ChristineNampeera Uhuru Paul Biya El Nino Kagame Raila 2nd September Vera Sidika Wamatangi Africa Kisii Kenya Airways Equitorial Guinea Brown Mauzo https://t.co/woEA4OEGuq",Thu Aug 31 04:49:28 +0000 2023,0,1
33,MMBESHA MAHOGANY PRODUCTS.,"GREAT DOORLOCKSETS ğŸ’¥ GET THE BEST wholesale prices ğŸ’¥
â˜ï¸0707024100
ğŸ“Œ Gikomba Nairobi &amp; Witeithie Thika
FREE DELIVERY COUNTRY WIDE

Nyeri Luhya Mike Sonko Israel Kenyans Gaddafi Brown Mauzo Equitorial Guinea Kenya Airways Kisii Africa Wamatangi Vera Sidika Raila Uhuru Paul Biya https://t.co/aOFnCexsbO",Thu Aug 31 04:43:54 +0000 2023,2,2
34,Mike,"Kenya aims to end billing wholesale power in US dollars and euros to reduce electricity prices and exchange losses.

High electricity costs, partly due to idle capacity charges and IPPs billing in dollars, have caused consumer complaints.",Wed Oct 09 02:48:48 +0000 2024,4,7
35,Rufas Kamau âš¡,"In Kenya, the average price of goods and services for a typical household has gone up over 30% since Jan 2020. But somehow, the reported inflation today is 5.1% yoy. https://t.co/yaMJxht6AD",Sun Jun 09 13:03:01 +0000 2024,156,317
36,HÂ²O,"The Price Control (Essential Goods) (Amendment) Bill, 2024, proposed by Khwisero MP Christopher Aseka, seeks to give the Treasury Cabinet Secretary the power to set maximum retail and wholesale prices for essential goods in Kenya.",Sun Aug 11 18:47:51 +0000 2024,13,40
37,Ramwa Traders,"Ramwa Traders: Your go-to for locks, padlocks, fittings &amp; more at wholesale prices, delivered Kenya-wide! #RamwaTraders #HardwareSupplies #WholesaleHardware #LocksAndPadlocks #HomeFittings #ConstructionMaterials #BuildingSupplies #HardwareKenya #QualityHardware #KenyaDelivery https://t.co/udF0bUWYI8",Wed Nov 27 09:26:38 +0000 2024,0,1
38,E HAWK KENYAğŸ‡°ğŸ‡ª,"The E Hawk electric bikes are made for the youths. You can still be trendy,flashy and goodlooking while still minding the environment. Contact us for wholesale prices on popular #EHawk electric bikes and scooters.

Call Zippy in Nairobi at 0729805201 to place your orders.. https://t.co/IPIKGAAUbx",Sat Nov 18 23:48:19 +0000 2023,2,0
39,MMBESHA MAHOGANY PRODUCTS.,"FOR Wholesale Prices ğŸ’¥ build &amp; stock your premises with the best Doorlocksets &amp; Hinges
â˜ï¸0707024100
â˜ï¸0740288009
FREE DELIVERY COUNTRY WIDE.

Luhya Kalenjins Alice Wahome Kikuyus Heyy Aoko Gachagua Nakuru Nunez Nyeri Haiti #MainaAndKingangi Kenya Kwanza Safaricom NTSA Diani Luos https://t.co/uF05dUXKwv",Fri Oct 06 05:48:45 +0000 2023,1,1
40,Alice Pearl ğŸ¤—ğŸ¤—ğŸ’,"You can start your own catfish business without any hassle. Buy, rebrand with your business name/logo and sell. Call or WhatsApp 09130622753 to get juicy wholesale prices
#CHIVIDO2024 National Assembly Layi Wasabi Bobrisky Diezani #LagosIgboHangout Kenya Face ID Lionel Messi Jada https://t.co/SThLBmvtZ7",Tue Jun 25 16:24:05 +0000 2024,1,2
41,gm_cosmetics ğŸ’…ğŸ’‹,"We are honored to be able meeting your shopping needs, Thanks you for always putting your trust in us. Loyalty is what makes us trust, the place to trust for original perfume and cosmetics both wholesale and retail prices.

We deliver to ZambiağŸ‡¿ğŸ‡², ZimbabweğŸ‡¿ğŸ‡¼, KenyağŸ‡°ğŸ‡ª, TanzaniağŸ‡¹ğŸ‡¿, https://t.co/3GaPHdEKES",Mon Sep 16 17:16:39 +0000 2024,0,1
42,Duka La Mafundi,"LOOKING FOR DOOR LOCKSETS IN WHOLESALE PRICES?
â˜ï¸0707024100
ğŸ“Œ Gikomba Nairobi &amp; Witeithie Thika 
WE DO FREE DELIVERY COUNTRY WIDE âœ¨

Gaucho Ababu Namwamba Sifuna Rigathi Nyeri Vera Mombasa #RHONairobi Kenya Airways Jeff Mwathi Kenya Kwanza Luos Nyege Nandi Malindi NHIF Rigathi https://t.co/TtlsMz1svy",Fri Jun 09 06:25:17 +0000 2023,1,2
43,Sdmbs,"PE flip-flops wholesale customization, hot-selling products at cheap prices #Guinea #Senegal #Ghana #Kenya #slippers https://t.co/mykMW51yVy",Mon Nov 18 08:42:14 +0000 2024,0,0
44,Sdmbs,"Brand customized flip flops wholesale, hot selling flip flops at cheap prices #Guinea #Senegal #Ghana #Kenya https://t.co/ad6KYIrl6T",Thu Nov 21 08:22:21 +0000 2024,0,0
45,Job Nyumu Solomon,"We sell laptops at the best prices in Kenya, both wholesale and retail.. WhatsApp 0113537272

#koome https://t.co/jT1q8tnBXY",Wed Oct 23 13:12:40 +0000 2024,0,0
46,Repair It,"#AD 
SALE! SALE! SALE!

Gypsum and Accessories at WHOLESALE PRICES.
Place your order today.

Follow @RepronServices 

WhySHA Safaricom Rodri #SHANdioBest Vini #FreeAoko #MainaAndKingangi Maina Njenga Mungiki System Ya Facts https://t.co/eQ0ESdHela",Tue Oct 29 08:37:42 +0000 2024,2,4
47,Fintech Association of Kenya,"The Bank of Industry Limited (BOI) has introduced a mobile app to help Nigerians monitor real-time food prices across eight states. The app, accessible through ğ™¿ğš›ğš’ğšŒğšğšœğšğš—ğšœğš.ğš—ğš, allows users to compare costs of essential food items in wholesale and retail markets https://t.co/0atcBMCZwP",Fri Oct 04 06:15:07 +0000 2024,0,0
48,Hussein Karimji,"New Stock Arrived!
P-Trap Toilets ğŸš½

Modern-day hygiene saviors!
Best &amp; Affordable SanitaryWare Item Wholesaler in Kenya.

Wholesale prices, exceptional value
Reach us@ 0721778844 â˜ï¸

#inspirationalspaces #CraftedToPerfection #nairobi #nairobikenya #formlabkenya #sanitaryware https://t.co/vDQSHqj25h",Wed Oct 18 06:51:30 +0000 2023,0,0
49,www.utlkenya.com,"Pitieni hapa  @utlkenyaltd mchukue Yeezy Slides  na wholesale prices

#PurityMwambia
#Azziad
#MtukufuLies
#InfinixNote30 https://t.co/cf8oGDfbmG",Fri Jun 02 09:26:11 +0000 2023,1,7
50,Ramwa Traders,"Ramwa Traders: Your go-to for locks, padlocks, fittings &amp; more at wholesale prices, delivered Kenya-wide! #RamwaTraders #HardwareSupplies #WholesaleHardware #LocksAndPadlocks #HomeFittings #ConstructionMaterials #BuildingSupplies #HardwareKenya #QualityHardware #KenyaDelivery https://t.co/TCmIiVsbiJ",Wed Nov 27 09:25:57 +0000 2024,0,1
51,Ducorp Trading Kenya LTD,We are committed to helping farmers access high-quality feeds at affordable prices. Our stock now includes premium Soya. Contact us today to enjoy exclusive discounts available for both wholesale and retail buyers! https://t.co/qcxexChpfP,Wed Jan 22 08:28:55 +0000 2025,3,8
52,Big Drop Kenya,Looking for wholesale TV prices? Look no further! Our unbeatable deals have got you covered. Get the best price in Kenya today! Shop by clicking here https://t.co/NRYPhUWbfp https://t.co/bXPXLPydOJ,Wed May 10 09:22:18 +0000 2023,0,0
53,Rhinoparts,"Introducing the #Rhinoparts Honda, Bajaj , BM , HLX Complete Motorcycle fuel TankÂ 
For wholesale prices call +254-789-642-558
info@jacarandamotorcyclespares.co.ke
#Motorcycle #Bodaboda #Kenya #SparePartsÂ 
Â #Spareparts #Motorbike #Bodaboda

https://t.co/qVYA4VFMGz https://t.co/Jmsxaj2N89",Fri Nov 22 07:01:46 +0000 2024,0,2
54,Vutia Cosmetics Distribution For Africa,"Order Processing and Fulfilment is our core goal in enabling access to beauty and cosmetic products at Wholesale prices across Kenya and https://t.co/eMLEOYeJxl. Restock your shop by tapping https://t.co/kXwLEd4tY9 or Call/Whatsapp 0748430862 to Order.
Countrywide deliveries done https://t.co/cjdKy7lAjB",Tue Aug 08 09:59:31 +0000 2023,0,2
55,KnkplusGH,"I can give you the best Wholesale Prices inna the whole Ghana. A thread of some of your favourite things!
#ShattaTuesdayMarket https://t.co/VpzyohVJOP",Tue Nov 17 13:08:53 +0000 2020,22,287
56,NTV Kenya,"Cooked Edible Oils Prices:

A litre of cooking oil is still retailing at between KES 275 - 500, contrary to Trade CS Moses Kuria's claim that the commodity is now retailing at KES 218. 

#NTVTonight @Ben_Kitili @Martin_Mwangi05 https://t.co/3P8vXfujAR",Thu Jun 22 18:18:55 +0000 2023,116,261
57,Beadedbylizzy,"Get Kenya bracelets in bulk/wholesale at affordable prices.
#StopAbductionsKE #mondayismonday #Kenya #beadedbylizzy https://t.co/EIPtI167Ko",Mon Jan 06 13:04:15 +0000 2025,0,1
58,Petroleum Outlets Association of Kenya(POAK),"Today we await the price review by @EPRA_Ke for the pump prices and wholesale prices to be used for the next 30 days. 
We are keen to see the revision of the VAT from 16% to 8%. This will reduce the pump prices significantly.

@J_Njogu @BD_Africa @Ma3Route @Kenyajudiciary",Wed Aug 14 07:56:24 +0000 2024,3,6
59,"Cyprian, Is Nyakundi",Charcoal prices hit 54-month high at Ksh 84.41 per kilogram. https://t.co/LsqxOdpeBp,Wed Sep 18 21:51:51 +0000 2024,24,270
60,Anko Retail Kenya,Exercise books wholesale prices https://t.co/B4ii7ceaWF,Thu Jan 12 09:26:36 +0000 2023,0,2
61,Anko Retail Kenya,"We are now selling exercise books, at wholesale prices. https://t.co/ZjWxL8b89D",Wed Jan 11 18:43:19 +0000 2023,0,0
62,JOY MADE FAMILIAR MEDIA,"Our client just imported a tonne of bikes from the US. They are slightly used, do you  sell bikes,  get the best wholesale price. Do you need a single unit, they have great prices as well. 

#bikes #fyp #tiktokkenya #kenyaphotography #joymadefamiliarmedia #jmfmedia https://t.co/cmgpausmKg",Tue Oct 08 11:21:26 +0000 2024,0,0
63,Mohammedali Glaziers,"All types of Building Glasses now available at wholesale prices

Delivery available countrywide ğŸ‡°ğŸ‡ª

For more queries call/ Whatsapp on:
+254 712 464 503
+254 722 867 147

https://t.co/eIjDA6H8aR

#mirrorskenya #buildingglass #onewayglass #tintedglass #clearglasses #nairobi #kenya https://t.co/Ut8tb0xhe9",Mon Jan 15 13:56:41 +0000 2024,0,0
64,williams lemayian,"Apple iPhone 11 â€¢

Follow us on Social Media
Facebook/Instagram: @iworld_kenya 
We accept bulk/wholesale purchase.

Info:
â˜‘ï¸ Brand New
â˜‘ï¸ 1 Year Warranty

64GB (Whitebox): 40,000
128GB: 44,000
256GB (Whitebox): 46,000

Notes:
*Prices are based on Cash Promo SRP https://t.co/M0VBWVtHbs",Thu Dec 05 08:42:58 +0000 2024,0,1
65,Hussein Karimji,"New Stock Arrived!

P-Trap Toilets ğŸš½
Modern-day hygiene saviors!

Best &amp; Affordable SanitaryWare Item Wholesaler in Kenya.

Wholesale prices, exceptional value
Reach us@ 0721778844 â˜

#inspirationalspaces #CraftedToPerfection #nairobi #nairobikenya #formlabkenya #sanitaryware https://t.co/3lab2SP0nc",Fri Oct 13 06:39:07 +0000 2023,0,0
66,Goddie,"Unga is now retailing at kshs 89, sugar at Kshs 120 per kg and cooking oil at kshs 200 per litre - Isaac Mwaura. https://t.co/JKXgXTEhkx",Mon Nov 11 18:29:51 +0000 2024,89,913
67,MSEA Kenya,"To buy her products, reach out to her on 0724 930853, she has a shop in Kimana Town and is able to deliver at any location on retail and wholesale prices. #EmpoweringMSEs @CsChelugui @HonSusanMangen1 @Cooperatives_KE @JamesMureu @HRithaa https://t.co/0Uy37JeFZx",Wed Feb 28 12:45:08 +0000 2024,0,0
68,"Cyprian, Is Nyakundi","Kenyan consumers are bracing for increasing rice and wheat flour prices this month after the government slapped a 2% levy on cereal imports starting August 12, as traders voice frustrations over increased import costs that include a myriad of additional state chargesâ€”such as Ksh https://t.co/cDG4VWc97M",Mon Aug 26 05:47:06 +0000 2024,79,201
69,Exotic Marinelife,"Another shipment of live aquarium fish to Taiwan,.We ship globally from Kenya at wholesale prices.
ğ„ğ¦ğšğ¢ğ¥:ğ¦ğšğ«ğ¤ğğ­ğ¢ğ§ğ @ğğ±ğ¨ğ­ğ¢ğœğ¦ğšğ«ğ¢ğ§ğğ¥ğ­ğ.ğœğ¨ğ¦,ğ–ğ¡ğšğ­ğ¬ğ€ğ©ğ©,+ğŸğŸ“ğŸ’ğŸ•ğŸ’ğŸ”ğŸ•ğŸğŸğŸğŸğŸ– 
 https://t.co/13QRIE8CEH
#saltywaterfish #fish #marinelife #saltwater https://t.co/hY2EifU12S",Tue Nov 19 08:20:48 +0000 2024,0,0
70,KOSGEI CHIRCHIR ğŸ‡°ğŸ‡ª,"Utl Kenya has the best baseball caps at wholesale prices of Ksh 200 only. Join Robisearch XSpace 8PM 
#RobisearchFreeMarketDay
Attend Pacesetters Awards30th https://t.co/blhQOpcDLE",Tue Aug 27 07:48:55 +0000 2024,6,0
71,Exotic Marinelife,"Another shipment of ornamental fish to Malaysia,.We ship globally from Kenya at wholesale prices.
ğ„ğ¦ğšğ¢ğ¥:ğ¦ğšğ«ğ¤ğğ­ğ¢ğ§ğ @ğğ±ğ¨ğ­ğ¢ğœğ¦ğšğ«ğ¢ğ§ğğ¥ğ­ğ.ğœğ¨ğ¦,ğ–ğ¡ğšğ­ğ¬ğ€ğ©ğ©+ğŸğŸ“ğŸ’ğŸ•ğŸ’ğŸ”ğŸ•ğŸğŸğŸğŸğŸ– 
 https://t.co/13QRIE8CEH
#saltywaterfish #fish #marinelife #saltwater https://t.co/QRcTS7ArpP",Mon Dec 02 11:36:21 +0000 2024,0,0
72,Breaking News,"[BUSINESS] Consultants advise wholesale petrol price cap: 
The State lifted caps on wholesale prices of fuel prices about two years following introduction of subsidy on pump prices to deal with public anger owin.. https://t.co/UhKDfE8EF3",Thu Aug 29 20:42:57 +0000 2024,0,0
73,Kelvin,"Kenyaâ€™s wholesale prices, as measured by the Producer Price Index, softened deeper to the negative territory in the 3rd quarter of 2024.",Tue Oct 22 14:22:49 +0000 2024,0,0
74,UNLIMITED PLUS KENYA,"Hey we are selling this at wholesale prices.
WhatsApp us here.
+254794400424 https://t.co/x656GpyC1i",Mon Nov 18 15:41:23 +0000 2024,3,4
75,Ukulima Space,"Market Price of bulb Onion per Kg is now Ksh 150, the best time to plant to get this market was 3 or 4 months ago, long gone are the days when farmers did blind agriculture. Do your research and time for the market.
ğŸ“¸ Kiawara Market in Nyeri County. https://t.co/QxCAhXAcLm",Mon Jul 24 04:10:41 +0000 2023,95,445
76,ğ–ğğ¬ğ¥ğğ² ğŠğ¢ğ›ğšğ§ğğ,"A 2kg packet of sugar now retailing for over Sh410, with some retailers limiting how many packets shoppers can buy.

There's a huge sugarcane shortage in Kenya.",Wed May 17 05:40:19 +0000 2023,39,272
77,www.utlkenya.com,"Hey sneakerheads! Looking for some fresh kicks to add to your collection? Check out @officialnonoo_ rocking the clean Jordan 1s available at @utlkenyaltd for just Ksh 2,800 per pair! Wholesale prices for quality sneakers? Count us in! #sneakerlove #wholesaleprices #jordan1 https://t.co/vFS6XeUxFY",Mon May 22 08:21:39 +0000 2023,0,1
78,Nyaga åœ­ Clement,"Kenya's businesses hit as record-high raw material prices take a toll. Data from Stanbic Bank Kenya PMI reveals a rapid rise in expenses, driven by a weakening shilling and soaring fuel costs. Wholesale, retail, and services sectors all feel the pressure.#Kenya #Business #Economy https://t.co/grzvDIbLwD",Wed Jun 07 18:03:13 +0000 2023,0,2
79,Exotic Marinelife,"Weâ€™re offering wholesale prices on live ornamental aquatic fish, perfect for your aquarium or business.Shipping globally from Kenya From Kenya.
ğ„ğ¦ğšğ¢ğ¥:ğ¦ğšğ«ğ¤ğğ­ğ¢ğ§ğ @ğğ±ğ¨ğ­ğ¢ğœğ¦ğšğ«ğ¢ğ§ğğ¥ğ­ğ.ğœğ¨ğ¦
ğ–ğ¡ğšğ­ğ¬ğ€ğ©ğ©:+ğŸğŸ“ğŸ’ğŸ•ğŸ’ğŸ”ğŸ•ğŸğŸğŸğŸğŸ–
https://t.co/13QRIE9auf https://t.co/jnBh135MF7",Fri Dec 13 09:30:59 +0000 2024,0,0
80,Love Home Mart Kenya,New arrival ! Crazy wholesale prices to public ! ! ! https://t.co/j3g2rDROvC,Mon Jul 08 13:41:58 +0000 2024,0,3
81,www.utlkenya.com,"Ladies outfits threadâ€¦.

Save your money by buying mens &amp; ladies shoes at wholesale prices only @utlkenyaltd

Prices indicated on the photos

Order now &amp; get delivery right at your doorstep countrywide 

#Khartoum
#Unga
#AMAZONTAKEOVER
#RigathiGachagua
#Mzee 
#Fashion https://t.co/ItWHoMYsd0",Mon Apr 17 06:09:19 +0000 2023,0,3
82,Hussein Karimji,"New Stock Arrived!
S-Type ToiletsğŸš½ 
Elevate your decor with our Sanitary Flair!

Wholesale prices, exceptional value
Reach us@ 0721778844â˜ï¸

#inspirationalspaces #CraftedToPerfection #nairobi #nairobikenya #formlabkenya #sanitaryware https://t.co/39LfTcW5Dr",Thu Nov 09 09:46:38 +0000 2023,0,0
83,Big Drop Kenya,Shop smart with Healthy Classic baby products. Our wholesale prices allow you to stock up on the essentials without breaking the bank. https://t.co/LZdvzPoMkn https://t.co/Yq7PMpuwg6 https://t.co/Awv6O6qwgR https://t.co/VR4Vh2MkEZ,Wed Jun 14 13:36:43 +0000 2023,1,3
84,Kelvin,"Kenyaâ€™s wholesale prices, as measured by the Producer Price Index, softened deeper to the negative territory in the 3rd quarter of 2024, pointing to cooling inflationary pressures.",Tue Oct 22 14:22:42 +0000 2024,0,0
85,oackenya_tours_crafts,"Handmade bone earrings 
WE SHIP WORLDWIDE 
Price per pair;   1.47 US dollars ( 200 Kenyan Shillings)
WE OFFER FAIR WHOLESALE PRICES 
Made in Kenya
SKU; 0001#150# 0.012kg https://t.co/WSDihCHBPR",Sun May 21 12:48:08 +0000 2023,0,0
86,Bizna Kenya,Kenya Seeks to Eliminate USD and Euro Charges for Wholesale Power to Lower Electricity Prices and Mitigate Currency Losses https://t.co/siKpngTco7,Wed Oct 09 07:38:12 +0000 2024,1,2
87,Chris Mathenge,"Taifa gas is laying serious grounds to take over Kenya's LPG market. 
Wholesale prices(gas+cylinder) 6kgs -2200, 13kg -4000 https://t.co/NKV6TYcTml",Wed May 24 12:51:32 +0000 2023,0,2
88,Edit One Kenya - EoK,"All the big teams sorted, to mention one ArsenalğŸ˜Š

Original EPL JERSEYs Available at Ksh.1200 wholesale prices (from 10 pieces) and Ksh.1700 retail Price. Contact: 0720836539

Trends: Tirries Tuesday| Kawira Mwangaza | Raila | Fuel | KCSE | Anthony Taylor | Oguda | Celine Dion| https://t.co/XIsfiRAtjC",Tue Nov 07 12:36:06 +0000 2023,1,7
89,Kelvin,"Kenya is aiming to stop charging for wholesale power in US dollars and euros to lower electricity prices and reduce currency losses. 

This follows complaints about high costs, mainly due to unused power charges and IPPs billing in dollars",Wed Oct 09 04:47:29 +0000 2024,0,0
90,NTV Kenya,"Inside the world of brokers who set the prices of food

Middlemen dictate what the farmer gets; what the corrupt police and county officer manning roadblocks grabs and what wholesale and retail prices will be.

Read more: https://t.co/ZS1bmBkuIn https://t.co/59QtPkIU0T",Sat Nov 18 07:16:44 +0000 2023,2,19
91,MMBESHA MAHOGANY PRODUCTS,"Get the BEST wholesale prices for DOORLOCKSETsğŸ’¥
â˜ï¸0707024100
ğŸ“Œ Gikomba Nairobi &amp; Witeithie Thika Road
FREE DELIVERY COUNTRY WIDE

NGUEMA Dj Evolve Somalia Uhuru Paul Biya EL Nino Kagame Raila Vera Sidika Wamatangi Africa Rigathi Kisii Luhya Ruto Kenya Airways Brown Mauzo Sonko https://t.co/XVdMtEmJkC",Thu Aug 31 04:58:45 +0000 2023,0,0
92,U D A - Official Fans Page.,"Kenyans! A quick reminder...

UHURU: 6kg Gas was Kshs. 1500.
RUTO: 6kg Gas is Kshs. 1000. 

UHURU: 1L cooking oil was Kshs.400.
RUTO: 1L cooking oil is Kshs. 200.

UHURU: 2kg unga was Kshs. 230. 
RUTO: 2kg unga is Kshs. 97.

UHURU: 1kg sugar was Kshs. 250. 
RUTO: 1Kg sugar is https://t.co/XBhGLJxJsN",Wed Dec 04 05:44:44 +0000 2024,123,842
93,Kulea,Here's an update on #brownsugar wholesale prices in #Kenya https://t.co/YmZRFnmGFB,Wed Jan 24 09:14:20 +0000 2024,1,3
94,George,Can somebody please tell me where l can get sumsang phones on wholesale prices here at Nairobi Kenya.,Thu Jul 13 04:07:14 +0000 2023,1,0
95,MMBESHA MAHOGANY PRODUCTS,"GJS Locks can be used in both Wooden &amp; Metallic DOORs.
For wholesale prices
â˜ï¸0707024100
â˜ï¸0740288009
FREE DELIVERY COUNTRY WIDE

Sondu Mudavadi Riggy G Adlife Plaza Itumbi El Nino Diani Luos Kikuyus Kenya Kwanza Nyeri Haiti #MainaAndKingangi NTSA HELB Raila Ruto Uhuru #IkoKaziKE https://t.co/EFAIhXbhZY",Fri Oct 06 06:37:28 +0000 2023,0,0
96,SALMON AND SHRIMPS KENYA,"Norwegian salmon fish!
Home of quality seafood in East Africa!
Located nairobi Kenya.
We supplied to Homes, Restaurants, Hotels, offices and butchery at wholesale and retail prices!
â¡ï¸Norwegian salmon fillet @4800 per kg
â¡ï¸Norwegian salmon steak cut slices @4000per kg
#salmon https://t.co/8AOreOMwT2",Mon Nov 13 17:56:35 +0000 2023,0,0
97,Lord Abraham Mutai,Get in touch with my friend @rodgers_kirwa. Ksh60 per Kilogramme. Kuna nyanya. Kuna tomeitos! Agriculture is a lucrative business. https://t.co/63eETrX279,Wed May 12 11:12:21 +0000 2021,43,281
98,Petroleum Outlets Association of Kenya(POAK),"The Petroleum wholesale market is telling a tale of a reducing prices on Petroleum come the next pricing cycle. 
We are seeing spreads we last saw in 2021. If we get dollar inflows in June, it will drop the price further. 

@AmbokoJH @alykhansatchu @J_Njogu",Fri May 31 05:30:04 +0000 2024,1,3
99,sharzzy angel,"Buy and Hire KMTC Graduation gowns in Kenya at  Bungoma . 

Call/ WhatsApp: 0741069095
Available in retail and wholesale prices for bulk orders
Delivery Countrywide. https://t.co/PbfUO3DVdQ
#KMTCGraduation #KMTC #KenyanNurses #NursesinKenya  #GraduationGownsKenya
#BlackFriday https://t.co/VcoVioHU3c",Fri Nov 24 14:26:40 +0000 2023,0,1
100,Ruto Must Go,Made in Kenya Steel door and windows butterfly hinges available in wholesale and retail prices. Call us on 0729394098 we do deliveries countrywide https://t.co/y4gOLAcUdL,Tue Aug 29 18:05:15 +0000 2023,2,3
101,PowerAfricaSolar - Solar Panel Prices Kenya,"PowerAfricaSolar - Ngara gas explosion traced to wholesale supplier, no casualties reported https://t.co/ZdotxRRFJf https://t.co/cAHPHV5lO3",Sun Sep 01 10:06:36 +0000 2024,0,0
102,Ladiva,"Stay cozy this rainy season with a selection of heavy plain hoodies from UTL Kenya! Available at wholesale prices of Ksh. 1,900 (minimum order of 3 pieces) or Ksh. 2,500 for retail. Branding available.
SMEs FreeMarket DayLeo
#RobisearchFreeMarketDay 
Join Robisearch XSpace 8PM https://t.co/dKmDwcdy06",Tue Sep 24 08:21:21 +0000 2024,2,0
103,George,Where do I get sumsang phones on wholesale prices in Kenya,Fri Sep 08 02:17:50 +0000 2023,0,1
104,Autocare & Service Supply Kenya,Quality Autocare Products. WHOLESALE Prices. https://t.co/mrSgynOgSj,Tue Oct 03 12:50:40 +0000 2023,0,0
105,Capital FM Kenya,German wholesale prices fall for 14th consecutive month https://t.co/YrLGjBF00a,Sat Jul 13 06:12:03 +0000 2024,2,4
106,Kenyan Wall Street,"Kenyaâ€™s wholesale prices, as measured by the Producer Price Index, softened deeper to the negative territory in the 3rd quarter of 2024, pointing to cooling inflationary pressures. Kenyaâ€™s wholesale prices, as measured by the Producer Price Index, softened deeper to the negative",Tue Oct 22 11:16:50 +0000 2024,3,7
107,Safety Hub Enterprises,"We assure you quality on all our welding equipment and workwear. We will supply you with welding shields, welding leather aprons, welding jackets, safety overalls, safety boots, welding goggles, etc at wholesale prices. Visit https://t.co/MIJea77cge to buy.Welcome to Kenya Uhuru https://t.co/t2TZyTq6L6",Tue May 30 07:12:57 +0000 2023,2,0
108,ğğğ¬ğ­ğ âœªâ„¢,"Buaana huku UTL Kenya kuna mali safi walai, quality and affordable prices on plain t-shirts. Wholesale price ni 450 Bob ğŸ™†ğŸ¿â€â™‚ï¸
Join Robisearch XSpace 8PM #RobisearchFreeMarketDay Attend Pacesetters Awards30th https://t.co/YqI4MTlbFt",Tue Aug 27 07:50:54 +0000 2024,18,9
109,BusinessDaily,"Kenya is making another bid to stop billing for wholesale power in US dollars and euros in an effort to lower electricity prices for homes and ease Kenya Powerâ€™s foreign exchange losses. 

Read more: https://t.co/Ne4oIsFowP https://t.co/nni8960idJ",Wed Oct 09 10:01:05 +0000 2024,1,4
110,Linet Ida,"President has made history by implementing Kenyaâ€™s first-ever universal fertilizer subsidy program, reducing prices from Ksh 7,000 to Ksh 2,500 per 50kg bag. Farmers can now afford inputs, leading to increased food production and lower food prices! Ruto Delivers #KumiBilaBreak https://t.co/aHdVZfd4vw",Mon Feb 17 08:31:35 +0000 2025,0,0
111,the poor Marchant,Maximum Wholesale and Retail Prices in Kenya for the Period 15th Feb &amp;#8211; 14th March 2021 https://t.co/GB8KVqcii3,Wed Jan 18 13:24:29 +0000 2023,0,0
112,DukeFromMakueni,"Good morning. 
Golden Autotyres Kiringaga Rd gives you the best Car/SUV tyres. 
Wholesale prices. 
https://t.co/Y3ODfAVR5H 0717647096
Delivery services all over the country. 
#kalenjin
#MISAMO #crazykennah 
#Kenya https://t.co/1g2gWIhMUD",Fri Jul 14 05:39:18 +0000 2023,0,1
113,Breaking News,"[BUSINESS] US wholesale prices rose modestly in April: WASHINGTON, United States, May 11 - US wholesale prices picked up again in April, according to data released Thursday by the Labor Department, fueled by a K.. https://t.co/Eg8sQHacr0",Thu May 11 16:36:58 +0000 2023,0,0
114,Moe,"Kenya is aiming to stop charging for wholesale power in US dollars and euros to lower electricity prices and reduce currency losses. 

This follows complaints about high costs, mainly due to unused power charges and IPPs billing in dollars",Wed Oct 09 04:20:00 +0000 2024,98,393
115,Tiger SMS,"Telegram numbers are available: 

Angola
Iran
Kenya
Kosovo
Kyrgyzstan Kyrgyzstan
Panama
Tunisia

Write @Tigers_sms for wholesale prices!

#Telegram #numbers #virtualnumbers #SMS #smsverification #getotp #otp",Thu Jan 16 15:15:40 +0000 2025,0,0
116,Petroleum Outlets Association of Kenya(POAK),"Eagerly waiting for the Price review today, we are keen on the strengthening of the shilling's impact on the prices and the return of the Wholesale Cap. 
@EPRA_Ke @EnergyMinK @Ma3Route @J_Njogu",Thu Mar 14 07:09:27 +0000 2024,0,1
117,Breaking News,"[BUSINESS] European gas prices fall to lowest level since Ukraine war: PARIS, France, Jan 2 â€“ Europeâ€™s wholesale natural gas prices fell Monday to their lowest level since Russia invaded Ukraine, which had d.. https://t.co/RjuzVxmpPJ",Mon Jan 02 17:15:39 +0000 2023,0,1
118,Breaking News,"[BUSINESS] Wholesale energy dives but bills remain sky high: LONDON, United Kingdom, Jan 19 - Plunging wholesale gas prices have sparked speculation of an end to Europe's energy crisis -- but consumers' electric.. https://t.co/PubMRJhXzr",Thu Jan 19 11:27:43 +0000 2023,0,0
119,Nairobi Business Monthly,"Jaza, Kenyaâ€™s first discounter, entered the retail market in 2023, offering e-commerce solutions for lower-middle-class customers seeking bargains. It provides goods at near-wholesale prices with doorstep delivery.
https://t.co/RgBmfAKTjt",Mon Feb 10 12:53:43 +0000 2025,2,3
120,H.E President William Ruto (Commentary),"Be Updated:

â–ªï¸ 13kgs gas  Ksh.1400 from kshs 3100.

â–ªï¸ 6kgs gas Ksh.800 from kshs 1500.

â–ªï¸ Unga Ksh. 140 from kshs 230. Less than a year in office. 

â–ªï¸ Fertilizer Ksh 3500 in 2 weeks' time it will be kshs 2500 all the way from kshs 6500.

 #DeliveringThePLAN",Mon Jul 24 09:43:46 +0000 2023,777,5864
121,Business Kenya,Kenya plans to stop charging for wholesale power in US dollars and euros to lower electricity prices and minimize currency losses.,Wed Oct 09 04:24:24 +0000 2024,7,10
122,U D A - Official Fans Page.,"A man on a mission, with no luxury to surrender.

Just a quick scan:

1. 6kg Gas is now between 900-1050/- today 

2. 1L of cooking oil is retailing at 200 - 250/-

3. 2kg of Unga is retailing at 109-130/-

4. 1kg of sugar is now at Ksh. 110-160/-

5. Bei ya mafuta nayo inashuka. https://t.co/MVGjUoO4Nb",Sun May 12 13:32:02 +0000 2024,52,596
123,State House Spokesperson - Kenya,"Unga prices have started going down just as President @WilliamsRuto had assured Kenyans over the weekend. Prices have dropped to Ksh159 and Ksh 160, depending on the millers. When the President assumed office last year, a 2kg packet was retailing at approximately Ksh230. https://t.co/9eJh45CTBM",Mon Apr 17 12:28:47 +0000 2023,78,307
124,Biancaâ„¢,"President William Ruto has performed exceptionally well, but if you're clouded by HATE , you can't see. The price of fertiliser went from KES 7500 to KES 2500; Unga went from KES 240 to less than KES 140; and the Kenyan shilling that many expected to hit KES 200 against the https://t.co/zppJ2l45Ja",Sun Jun 30 13:58:15 +0000 2024,97,461
125,Sharp Daily,"Kenyaâ€™s wholesale prices drop to 7-year low, indicating slowing demand https://t.co/bwr4KhCquc",Wed Jul 24 13:31:00 +0000 2024,0,0
126,TUKO.co.ke | The Heartbeat of Kenya,"The Sugar Directorate indicated wholesale prices declined from an average of KSh 10,369 in July to KSh 9,624 for a 50kg bag.

#tukonews #sugar #business 

https://t.co/b31yqNWxhi",Thu Oct 05 04:41:10 +0000 2023,0,0
127,Autocare & Service Supply Kenya,Service Kits accompanied by suitable oil for your car available at wholesale Prices. https://t.co/ggYdOydLga,Mon Oct 16 07:31:43 +0000 2023,0,0
128,Finance Normad,"Kenya's Wholesale Prices Soften in Q3
""The general wholesale prices were 3.6% lower than the prices recorded in the 3rd quarter of 2023 and 2% lower than prices recorded in the 2nd quarter of 2024.""
#Economy #Finance #Libya
https://t.co/BlxnknLVNe via @kenyanwalstreet",Tue Oct 22 13:55:53 +0000 2024,0,0
129,TUKO.co.ke | The Heartbeat of Kenya,"""We are now getting a stable market,"" said Martin Chomba.

The Petroleum Outlets @poak_kenya  chair shared that fuel subsidies prevented EPRA from reintroducing a wholesale cap. He said the cap will safeguard the margin price for small dealers. https://t.co/pV28o2IbwZ",Mon Apr 24 11:07:45 +0000 2023,3,3
130,AIB-AXYS Africa,"TOP THINGS TODAY:
Courtesy of the AIB DigiTrader App

Kenya's energy regulator, Epra, will reinstate caps on wholesale fuel prices starting next month to help small dealers whose resell margins have been thin for 2 years.",Tue Apr 18 06:52:57 +0000 2023,3,3
131,Mr. Kinuthia Pius.,"I promised to do a live video inside a supermarket showing prices of various commodities. 

Several supermarkets have declined to authorise that.

However, I managed to take some photos..

âœ…ï¸2KG Unga=Ksh. 149 from Ksh. 230
âœ…ï¸5Ltrs of Cooking oil=Ksh. 1245 from Ksh 2300 https://t.co/EMJ8XpuLec",Thu Sep 14 16:20:00 +0000 2023,88,522
132,"Hussein Mohamed, MBS.","Unga prices have started going down just as President @WilliamsRuto had assured Kenyans over the weekend. Prices have dropped to Ksh159 and Ksh 160, depending on the millers. When the President assumed office last year, a 2kg packet was retailing at approximately Ksh230. https://t.co/x81FSaK4Zg",Mon Apr 17 12:26:17 +0000 2023,475,2682
133,KIPRONO,"Now that Taifa Gas has been licenced to operate in Kenya, their complete 6kg cylinder costs Tsh. 40,000 which is equivalent to Ksh. 2,160/=. In comparison, a complete Total gas goes for around Ksh. 5,500 https://t.co/YGT0Qw56Qn",Thu Feb 23 06:08:15 +0000 2023,177,946
134,Direct Wholesale Flower Singapore,"Roses at Wholesale Prices. Fresh-cut roses at wholesale prices, every day! Choose roses from China, Holland, Malaysia, Kenya, Ecuador  and India. https://t.co/2kCTXcvO1M",Mon Nov 06 11:17:45 +0000 2023,0,0
135,NTV Kenya,"Cane prices up KES 5300 per tonne

Kenyans will now pay more for sugar as the State has raised the buying price of sugarcane by 300 shillings to 5,300 shillings per tonne

#NTVWeekendEdition @MichelleNgele_ @theninashaban https://t.co/ZlAQxRjyUR",Fri Feb 14 18:55:19 +0000 2025,3,8
136,Petroleum Outlets Association of Kenya(POAK),"During the last price review, the wholesale cap was removed &amp; prices were stabilized. However none of these forces are more powerful than demand &amp; supply. 

High prices = Low demand 

@EnergyMinK @J_Njogu @KEPSA_KENYA @alykhansatchu",Wed Oct 18 08:27:47 +0000 2023,0,0
137,Goddie,"NAIROBI PRICES

COOKING GAS
6KG........................KSH.750-900
13KG......................KSH.1900-2100

UNGA 2KG............ KSH.200- 210

COOKING OIL ........ KSH.200- 215",Wed Sep 13 20:38:12 +0000 2023,30,257
138,Nation Africa,"The Price Control (Essential Goods) (Amendment) Bill, 2024 seeks to grant power to the Treasury CS to fix minimum and maximum retail and wholesale prices for maize, maize flour, wheat, wheat flour, rice, cooking oil, sugar, and certain pharmaceutical drugs
https://t.co/Lx3x858HBe",Sun Dec 29 21:30:02 +0000 2024,4,8
139,Biancaâ„¢,"My grandma is very happy that she can comfortably afford to buy sugar at KES 260 per 2 kg, unga at KES 110 per 2 kg packet, and fertiliser at KES 2500! She says the aforementioned products were costing KES 450, KES 230, and KES 7500, respectively, under Uhuru Kenyatta and people https://t.co/tk5A9QyyHW",Mon Jul 29 15:28:30 +0000 2024,78,517
140,Mama Khawlah,"https://t.co/rWKbtPnNYy

If you are looking for these snacks in Kenya at the best prices , Snackat Kenya gotcha!  (Cheetoz, Ramen, chips Omani etc.)

For wholesale and retail prices.

Physical shop : Mombasa opp. AZAD icecream

Deliveries done countrywide .

Kindly Retweet https://t.co/I6WJr9c0gW",Sat Jan 13 12:23:33 +0000 2024,0,2
141,oackenya_tours_crafts,"Bone Earrings
WE SHIP WORLDWIDE
Price per pair;
1.47 US dollars (200 Kenya Shillings)
CONTACT US FOR WHOLESALE PRICES
Handmade in Kenya
SKU: 0003 / 150 / 0.015kg
https://t.co/AeJjX4W3JF https://t.co/danigKxzng",Wed May 24 15:26:18 +0000 2023,0,0
142,Smuggler,"SIMBAR SOLAR WATER HEATERS ğŸ‡°ğŸ‡ª
Available in Kenya at Wholesale Prices.
200L 
300L
Non-Pressurized.

@ArcnadSolar
WhatsApp or call 
+254711965901 https://t.co/NW563Z7lN5",Tue Jan 24 05:10:51 +0000 2023,1,2
143,Nairobi Business Monthly,"Jaza, Kenyaâ€™s first discounter, entered the retail market in 2023, offering e-commerce solutions for lower-middle-class customers seeking bargains. It provides goods at near-wholesale prices with doorstep delivery.
https://t.co/RgBmfALr91",Thu Jan 16 11:48:43 +0000 2025,0,4
144,Petroleum Outlets Association of Kenya(POAK),"The No Change cohort have carried the day. However it's because of the Price stabilization. So the 2 answers are right.

W/out Stabilization petrol would have gone beyond 200 bob in Nairobi.
Wholesale prices have been removed.
@EPRA_Ke @AmbokoJH @J_Njogu @alykhansatchu @Ma3Route",Mon Aug 14 18:15:32 +0000 2023,0,3
145,oackenya_tours_crafts,"Handmade Bone Earrings for Sale 
WE SHIP WORLDWIDE 
Price per pair;
1.47 US dollars ( 200 Kenya Shillings)
CONTACT US FOR WHOLESALE PRICES 
Made in Kenya 
SKU: 0009 / 150 / 0.012kg
https://t.co/AeJjX4W3JF https://t.co/QPAcXqMIBg",Fri Jun 09 15:38:57 +0000 2023,0,0
146,Senator Kiprotich Arap Cherargei,"UNGA PRICES
Handshake govt 2020-2022(Uhuru + Raila) =280/= per 2kg
H.E Ruto govt = 150/= per 2kg eventually cost of living will come down &amp; affordable to all Kenyans.

 The master stroke is subsidising the production over consumption thro farming / food security. https://t.co/fq7Yh7UdeC",Mon Apr 17 13:01:46 +0000 2023,96,699
147,H.E President William Ruto (Commentary),"Dear Kenyans, here's a reminder: 

â€¢ 1Kg Sugar is Khs 110 frm 240

â€¢ Dollar is Khs 129 frm 160

â€¢ 6kg Gas is Kshs 1000 frm 1500

â€¢ 1L cooking oil is Kshs 200 frm 400

â€¢ 2kg unga is Kshs 97 frm 230
        
â€¢ Fertilizer is Kshs 2500 frm 7000

President Ruto listens to all. https://t.co/yJBAy8u3hl",Mon Feb 10 04:01:55 +0000 2025,116,1290
148,TUKO.co.ke | The Heartbeat of Kenya,"KSh 2,000 is trending. Presidential aspirant Raila Odinga said his government will reduce the prices of fertilisers from KSh 6,000 to not more than KSh 2,000 effectively August 2022.

""We will not import maize when our farmers are having maize in their warehouses,"" he added. https://t.co/VMzPcZ4FoL",Tue Jun 07 10:32:45 +0000 2022,25,299
149,Moe,"Tough times ahead as the prices of cooking oil, soap, and some cosmetics in Kenya are set to rise significantly starting this month after Kenya imposed a 10% import duty on crude palm oil.

1kg of cooking oil will now cost Sh359, up from Sh326",Tue Jul 02 02:30:00 +0000 2024,1854,2768
150,Jonah Omuyoma,"@ledamalekina @EACCKenya Maybe EACC has joined the gravy train
But again, why houses in Dubai when we have an expectation of 250,000 in Kenya at wholesale prices... concrete ni concrete tu!",Fri Mar 29 18:45:41 +0000 2024,0,0
151,Bane,"Despite pressure by the government on Independent Power Producers (IPPs) to reduce wholesale power prices sold to Kenya Power and Lighting Company (KPLC) new data shows they have actually increased rates, exposing Kenyans to more inflationary pressures. (The People)",Wed Jul 12 05:46:56 +0000 2023,57,23
152,Nation Africa,"Kenya continues to experience a sharp increase in wholesale sugar prices compared to other cities across Eastern Africa even as the regional market stabilise. 
https://t.co/N37koPYhDS",Mon Oct 21 10:30:01 +0000 2024,1,3
153,Hakainde Hichilema,"This full chicken is now K119.20 (8 x 14.90) making a profit of K69.20 after value addition. Same thing with our copper. We mine and export raw copper, whose prices flactuate yet the prices of a finished product like copper cables remains the same. 

We have a plan

#Time2Change",Fri Oct 23 09:06:05 +0000 2020,26,399
154,"Madoka Kibet, HSC","Kenyans are happy with the price of Unga as it starts reducing by August the price will be at 150 ksh as farmers are set to harvest maize from their farms. This is the  way to go, now the package of maize goes for up to 209/= from 232/= https://t.co/3MeO16KSnp",Sun Jul 23 12:25:59 +0000 2023,38,325
155,Nation Breaking News,PRESIDENT KENYATTA orders Agriculture CS Munya to increase price of unprocessed rice from Sh45 to Sh85 per kg after complaints by farmers. https://t.co/R8uJ0wbRTN,Sat Feb 01 14:01:15 +0000 2020,172,763
156,The_Socratic,"Despite pressure by the government on Independent Power Producers (IPPs) to reduce wholesale power prices sold to Kenya Power and Lighting Company (KPLC) new data shows they have actually increased rates, exposing Kenyans to more inflationary pressures. (The People)

#Tumechoka",Wed Jul 12 06:14:15 +0000 2023,0,0
157,Sylor,"Group langu la nguo kwa bei ya jumla, nauza nguo kwa nchi zote Tanzania, Kenya, Uganda, Congo, Zimbabwe, Burundi, Zambia, Rwanda ğŸ”¥
WhatsApp Group for buying clothes and shoes at Wholesale prices 

Follow this link to join my WhatsApp community: https://t.co/oKKxxNiJoj",Sun Jan 26 12:35:39 +0000 2025,0,0
158,Moe,"Maize prices in Kenya have increased by 9.9% to Sh57 per kg, and wheat by 10.9% to Sh106 per kg since August.

This is due to the implementation of a new 2% tax on cereal imports and a 0.3% tax on exports",Wed Sep 18 05:00:42 +0000 2024,152,407
159,Biancaâ„¢,"1. Unga is now at around KES 120, down from KES 240 per 2 kg.
Â 
2. The Kenya Shilling is currently the best-performing currency in Africa, from 162 to KES 128 against the dollar.

3. Sugar: from KES 400 per 2 kg to KES 280.
Â 
4. Cooking oil and sugar prices have dropped.

5. https://t.co/y1s1prGhEm",Tue Jun 18 19:36:00 +0000 2024,94,584
160,Gabriel Oguda,NEWS JUST IN: Massive celebrations in Kenya Kwanza strongholds as the Gov't increases fuel prices from KES 156 per litre to KES 179 per litre. Hustlers who've been interviewed say they thank God for increasing the cost of living and bringing Freedom At Last.,Wed Sep 14 20:59:42 +0000 2022,1225,8378
161,Citizen TV Kenya,"Unga proces to drop below Ksh.100, CS Linturi says, claims current price is Ksh.130 per kg https://t.co/4QBLZjxsiM",Sat Dec 16 17:19:55 +0000 2023,40,582
162,U D A - Official Fans Page.,"The cost of living is steadily coming down for all Kenyans. H.E President Ruto has managed to stabilise the economy.

i. Unga @ 2Kgs 154/=
ii. Ndovu @ 2kgs 179/=

iii. Taifa Gas 6kg @850/=
iv. 13Kg @1500 /=

v. Sugar 2kgs @270/=

vi. Bar soap @135/=

vii. Milk @49/= https://t.co/KQRZzK81VQ",Mon Feb 27 17:16:32 +0000 2023,39,293
163,Goddie,"President Ruto and Deputy President Rigathi

 13kgs gas Ksh.1400 from kshs 3100.

6kgs gas Ksh.800 from kshs 1500.

Unga Ksh. 140 from kshs 230. Less than a year in office. 

Fertilizer Ksh 3500 in 2 weeks' time it will be kshs 2500 all the way from kshs 6500.",Mon Jul 24 13:20:45 +0000 2023,85,574
164,Kenyans.co.ke,"The steak is only sold in high-end butcheries in the country and a kilogram goes for Ksh20,000 while 300 grams go for Ksh7,800. A Wagyu cow can cost as much as Ksh3 million.

https://t.co/EgNhrYtVCj",Tue May 09 17:25:00 +0000 2023,161,799
165,James Smart,"As you worry about RUNNING MATES, Super Petrol, Diesel and Kerosene UP by Kes 5.50 per litre starting midnight. #Kenya",Sat May 14 15:57:13 +0000 2022,194,554
166,Tim Kipchumba,"Cooking gas up â¬†ï¸ 35%.  13kg was Kes 2,000 and itâ€™s now selling Kes 2,700!  The explanation is taxes.  

You take Kes 700 from each Kenyan and send it to China.  In a year, itâ€™s a colossal, Kes 8,400/ year.  

ALL at a time when 67% of Kenyans rely on firewood. What a reversal!",Sat Jul 03 07:36:14 +0000 2021,176,286
167,MAJIMAJI,"I join the #lowerfoodprices conversation justifying that
â€¢5 ltrs Cooking oil  @ Ksh.1350
â€¢2kgs Sugar  @ Ksh.285
â€¢ 400 grams of Bread @ Ksh. 60 etc

Is not common and affordable for the common man in #Kenya. Something has to give!",Sun Feb 20 14:07:41 +0000 2022,94,188
168,EDGAR ğŸ‡°ğŸ‡ª,"JUST IN: Cooking Gas Price set to shoot up by at least Ksh: 500/- . Kenyans to pay up to 1,400/- to refill a 6Kg gas cylinder up from Ksh 950/-",Wed Oct 11 08:56:27 +0000 2023,42,219
169,Wanjiru âœ¨,"Want your business apparel to make a statement? Nakyma Fashion House can help you design custom, branded apparel at wholesale prices. Contact them at +254 115 911 958 for details!

Join BNI Kenya
#WeLOVEBusiness
Robisearch SMEs ERPSolution https://t.co/rns9fZeNd5",Fri Feb 14 09:58:46 +0000 2025,0,0
170,Nelson Havi,"State of collapsed Kenyan economy as experienced by the farmer is disturbing. A 100kg bag of maize is selling at Ksh 800, a gorogoro at Ksh 20, fish at Ksh 1,000 and a jogoo at Ksh 1,000. In 1995, a gorogoro sold at Ksh 20, fish at Ksh 100 and a jogoo at Ksh 100. Who do we blame?",Fri Oct 26 16:15:53 +0000 2018,203,522
171,Kenyan Wall Street,"Kenya's wholesale prices fell sharply in Q4 2024, with Year- on -year producer inflation at -5.34%  (down from 10.03% in Q4 2023 and -3.2% in the 3 months to Sept 2024).
The Producer Price Index dropped to 137.56 in Dec 2024 from 145.32 in Dec 2023.
-@KNBStats",Wed Jan 15 13:42:12 +0000 2025,0,2
172,Kenyans.co.ke,"Previously, traders were selling 3-kilogram cooking gas at around Ksh1,350 and Ksh3,300 for 13-kilogram LPG. These were the lowest prices in the market.  

https://t.co/OeRFbYC0tF",Thu Aug 03 18:45:00 +0000 2023,35,390
173,"Abuga Makori EGH, MBE","Right now, a Tonne of sugarcane goes for Kshs6,000 up from Kshs3,500. This is even set to improve after President William Ruto directed his fangs to CARTELS in Sugar Industry particularly in Western Kenya and Nyanza. There is no more importation and repackaging of sugar. Our https://t.co/0WYh9srdTp",Wed Sep 06 05:07:04 +0000 2023,26,292
174,Nation Africa,"Farmers win as cane prices grow to Sh5,300 per tonne
Read more: https://t.co/H8ecxTuLkq https://t.co/TA3YCAkelR",Fri Feb 14 05:01:43 +0000 2025,5,52
175,Kenyans.co.ke,"The steak is only sold in high-end butcheries in the country and a kilogram goes for Ksh20,000 while 300 grams go for Ksh7,800.

https://t.co/15d5NnOMpL",Sat Oct 15 19:05:00 +0000 2022,49,232
176,Eric,"In Kenya, tallow is Ksh 50 per Kg at the Kenya Meat Commission. It is even cheaper at the local butchery.

Protect your health, medical bills are abnormally expensive. 

#BetterTogether",Wed Mar 16 16:02:53 +0000 2022,179,995
177,Coffee doctor,"Broilers available wholesale prices @400 Concat 0708174632 for more details
@DCI_Kenya
@bevalynekwambo3
@amerix
Reweet for me guys",Tue Jan 24 19:42:40 +0000 2023,0,0
178,@Kim,"AVERAGE PRICE OF TEA AT MOMBASA AUCTION AT SALE 06/2025 OF 11-02-2025

This weekâ€™s Mombasa Tea Auction average Price Per Kg for each of the KTDA-managed factories for Sale  06/2025 of 11-02- 2025

Overall average Price   - US$ 2.55 (Ksh 329)
East of Rift     - US$ 3.20 (Ksh412.8) https://t.co/1OvsjSYs8s",Sun Feb 16 13:09:41 +0000 2025,0,1
179,ElyğŸ‚,"Results You Can Feel! A brighter future for miraa farmers as prices double! Sh1,300 per Kg for Grade 1, Sh700 for Grade 2, and Sh1,000 for Aleleâ€”a well-earned boost for hardworking Kenyans who keep this sector thriving! #MiraaPricesDouble https://t.co/0qjBjJgjBD",Sat Feb 15 16:40:02 +0000 2025,3,0
180,"Abuga Makori EGH, MBE","Just a reminder. The cost of Unga reduced from Kshs240 and is now retailing at Kshs170 in parts of Riff Valley, Nyanza and Western Kenya. In places like Nairobi, Mt Kenya, Lower Eastern and Coast, the price could be lower than Kshs150. President William Ruto pledged to subsidize https://t.co/V73EySCupG",Thu Sep 28 04:15:36 +0000 2023,25,205
181,TheStarKenya,"Prices of basic foodstuffs like maize flour, sugar and Sukuma Wiki (kale) rose by 25.6 per cent, 18.4 percent and 32.9 per cent respectively
https://t.co/doQq120WMQ",Fri Mar 31 15:30:00 +0000 2023,29,192
182,Coffee doctor,"Selling chicken broilers wholesale prices@400
Concat 0708174632 for more details
@DCI_Kenya
@bevalynekwambo3
@amerix
@osoroKE
Reweet for me customer anweza kuwa kwa ur tl",Tue Jan 24 20:18:33 +0000 2023,0,0
183,Synergy_cargo,"Eliminate middle-men associated costs. Synergy cargo facilitates purchase from manufacturers at wholesale prices, and shipping to Kenya.

0700058888

#synergycargo#shiptokenya#partyfavours#packagingmaterials https://t.co/1qaxR8yC7N",Thu Jan 26 16:51:09 +0000 2023,0,0
184,City Mirror,"The Kenyan government has raised the prices of miraa, setting the new price for Grade 1 at Sh1,300 per kilogram, an increase from Sh700. Grade 2 miraa now costs Sh700 per kilogram, up from Sh350, and Alele has increased to Sh1,000 per kilogram from Sh500. https://t.co/cI3wFfOsME",Sat Feb 15 10:58:25 +0000 2025,2,3
185,Ray ğŸ‘‘,"The fact that soju is only 250/= in China and itâ€™s 800/= here in Kenya is just criminal !!! 
Shipping costs isnâ€™t an excuse, theyâ€™re being bought and shipped with wholesale prices, people are just taking advantage because of how popular they are these days.",Sun Dec 29 07:12:45 +0000 2024,0,0
186,Makau F. Mully ğŸ‡°ğŸ‡ª,"Unga Price is the highest in history at Kshs 200 per 2Kg. When president KENYATTA was looking for re-election, we had subsidized maize floor at 75ksh, but now who cares, Raila the state project should be dealt with ruthlessly at the ballot.",Tue Jun 21 16:34:08 +0000 2022,392,2427
187,Coffee doctor,"Selling broilers wholesale prices @400
Concat 0708174632 for more details
@DCI_Kenya
@bevalynekwambo3
@osoroKE
@AssSweto
@amerix
Guys requesting for reweet have to offload those birds coming week please!",Tue Jan 24 15:13:05 +0000 2023,0,0
188,Moe,"Cooking oil firms overcharged Kenyans by 21% between July 2021 and Dec 2022, selling at Sh333 per liter instead of Sh274. 

A Comesa report shows 
manufacturers hiked prices, forcing consumers to pay Sh67.7 billion extra amid high living costs.",Sun Nov 24 03:30:00 +0000 2024,1144,2598
189,Moe,"Kenya's inflation hit 7-month high of 6.47% in April 

Commodities whose prices have risen most year on year include:

Cooking oil up 41%
Cooking gas up 38%
Wheat flour up 24%
Soap up 23%
Potatoes up 22%
Maize flour up 14%
Beef up 14%

â€” Business Daily",Fri Apr 29 03:40:00 +0000 2022,255,384
190,The Standard Digital,"Sugarcane farmers in Western Kenya are a happy lot after prices hit a record Sh5,500 per ton https://t.co/dGZbU5mqun",Sat Apr 01 07:19:26 +0000 2023,36,248
191,Wambo,"President Uhuru Kenyatta, we are buying a 400 grms loaf of bread at ksh 55 to ksh 60.  A litre of cooking oil from ksh 120 to 200 today. A 1kg bar soap some from 80 Bob to 120, others from 150 to 170. Surely! Did we elect you to suffer the way we are suffering?",Sat May 08 05:08:58 +0000 2021,786,2811
192,BRAVIN YURI,"The government of Kenya has ordered for  maize flour to drop to Ksh. 100 from Ksh. 230.  The price of 2Kgs Unga will be going for ksh. 100, 1 Kg for Ksh. 52, 5Kgs will be going for Ksh. 250 and 10Kgs for Ksh. 490.",Mon Jul 18 12:51:43 +0000 2022,329,2200
193,ephraimnjegafan,"The claims that prices of goods have risen everywhere are not entirely true. A kg of maize is going for the equivalent of KShs 21 in Zambia. Even in Tanzania a kg of maize costs less than KShs 30. In Kenya, a kg of maize is costing KShs 64. 
THREAD ğŸ§µ",Sat Jun 18 16:17:19 +0000 2022,263,505
194,Lion of the Mountainî¨€,"These are some of things Citizen Azimio Media will not report to you.

1. 6kg Gas is now btn Ksh. 900-1050/- today 

2. 1L of cooking oil is retailing at Ksh. 250/-

3. 2kg of Unga is retailing at Ksh. 170-190/-

4. 1kg of sugar is now at Ksh. 170/-

Ruto's Presidency!",Sun Jul 09 16:06:51 +0000 2023,120,615
195,Moe,"Kenya is set to increase phytosanitary certificate fees for the import and export of a 40-foot container by 667%, from $11.8 to $90.5, effective Dec 1, 2024. 

This will make Kenya one of the most expensive routes in the region, compared to Tanzania's $17. 

â€”A phytosanitary",Sat Nov 30 13:53:35 +0000 2024,690,1585
196,U D A - Official Fans Page.,"Kenyans! #ResultsYouCanSee

UHURU: 6kg Gas was Kshs. 1500.
RUTO: 6kg Gas is Kshs. 1000. 

UHURU: 1L cooking oil was Kshs.400.
RUTO: 1L cooking oil is Kshs. 200.

UHURU: 2kg unga was Kshs. 230. 
RUTO: 2kg unga is Kshs. 97.

UHURU: 1kg sugar was Kshs. 250. 
RUTO: 1Kg sugar is Kshs. https://t.co/cmW3zH6bf9",Wed Dec 18 06:40:55 +0000 2024,58,457
197,Ja Loka,"President Ruto has tried and is still trying. Turning around an economy that was in a dilapidated state when KK took over cannot be microwaved overnight. It will take time:
Inflation has come down from 9% to 2.7%
Unga is 95 bob from 230 bob
Fuel from 217 to 180
Dollar from 160 to",Thu Nov 07 10:16:43 +0000 2024,81,585
198,Shosho Light,"Black Friday the Kenyan version
Original price Ksh 4,500
Black Friday discount Ksh 6,500 + Free delivery",Fri Nov 06 12:47:15 +0000 2020,52,207
199,KIPRONO,"We really did normalize;
-Unga at Ksh. 200 per 2KG
-Petrol at Ksh. 179 per litre
-Cooking oil at Ksh. 380 per litre
-Cooking gas at Ksh. 1350 per 6Kg
-Wheat flour at Ksh. 210 per 2KG
-Bread at Ksh. 60 per 400g
-Electricity at Ksh 16 per Unit
We are comfortable with the prices",Thu Dec 01 05:52:28 +0000 2022,109,338
200,ElyğŸ‚,"Results You Can Feel! From Sh700 to Sh1,300 per Kg for Grade 1, Sh350 to Sh700 for Grade 2, and Sh500 to Sh1,000 for Aleleâ€”miraa farmers now earn double for their harvests! A well-deserved win for Kenyaâ€™s agricultural sector! #MiraaPricesDouble https://t.co/e3BKhnICNh",Sat Feb 15 16:10:27 +0000 2025,1,0
201,The Dawn (Jossy..y Murage)ğŸ‡°ğŸ‡ªğŸ‡±ğŸ‡·,"The government of Kenya revises miraa prices as follows;

ğŸŒ± Grade 1: Sh1,300/kg (was Sh700)

ğŸŒ± Grade 2: Sh700/kg (was Sh350)

ğŸŒ± Alele: Sh1,000/kg (was Sh500)

These prices reflect significant changes, delivering results you can feel. #MiraaPricesDouble âœ”ï¸ https://t.co/cucEtoAKKx",Sat Feb 15 18:30:07 +0000 2025,0,0
202,Wairimu Pishori ğŸš,"AVAILABLE NOW ğŸ™ğŸ™
Pure Mwea Pishori at 180/kg Retail, Wholesale at 170/kg (50kgs) 
Broken Pishori 100/kg 
Mwomboko Rice 150/kg
 Brown Rice 200/kg
Delivery done Countrywide 
Dm, Call, sms on
0748181296 https://t.co/HIgQcLZaaX",Thu Feb 13 06:37:16 +0000 2025,2,0
203,Moe,"Kenya has allocated Sh60 million to support local farmers to increase the acreage under production of cotton from 40,000 in 2023 to 103,000 ahead of long rains.

Cotton price has increased to Sh72 per kilo. 

Kenya also plans to distribute over 27 tonnes of cotton seeds.",Mon Feb 05 04:25:00 +0000 2024,40,275
204,Juma G ğŸ‡°ğŸ‡ª,"Woke up to the news that a 2-kg packet of maize flour is now at Ksh 175. Some brands at Ksh 199. But we r told it will come down in August if we ""elect"" right... A 90-kg bag of maize, for the first time in history in Bungoma is at Ksh 7,600. Not the best time to be alive in Kenya",Wed Jun 15 04:54:16 +0000 2022,89,253
205,Coastymann,"Inside MPsâ€™ plan to end Kenya Power monopoly https://t.co/UNiPdYXpPZ
@KIMANIICHUNGWAH @WilliamsRuto yes, crack the whip gentlemen! This monopoly is whats inflating cost of living for Kenyans! Let consumers buy directly at wholesale prices, CUT out the middle man aka Kenya power",Wed Aug 30 10:18:21 +0000 2023,0,0
206,ğ‘±ğ’–ğ’ğ’Šğ’–ğ’” ğ‘²ğ’ğ’ğ’†ğ’” ğŸ‡°ğŸ‡ª,"AVERAGE PRICE OF TEA AT MOMBASA AUCTION AT SALE 06/2025 OF 11-02-2025

This weekâ€™s Mombasa Tea Auction average Price Per Kg for each of the KTDA-managed factories for Sale  06/2025 of 11-02- 2025

Overall average Price   - US$ 2.55 (Ksh 329)
East of Rift     - US$ 3.20 (Ksh 414) https://t.co/IOEifIciP9",Sun Feb 16 08:11:41 +0000 2025,0,0
207,Wairimu Pishori ğŸš,"AVAILABLE NOW ğŸ™ğŸ™
Pure Mwea Pishori at 180/kg Retail, Wholesale at 170/kg (50kgs) 
Broken Pishori 100/kg 
Mwomboko Rice 150/kg
 Brown Rice 200/kg
Delivery done Countrywide 
Dm, Call, sms on
0748181296 https://t.co/DmB5GF4hbG",Fri Feb 14 05:00:55 +0000 2025,3,2
208,Stephen Mutoro,"The Miraa prices doubled as @kenya_afa and @kilimoKE hand farmers an early Christmas of Sh1,300 per kilogram of Grade 1 Miraa up from Sh700. Maize and sugarcane is where the likes of @Mutahi__Kagwe draw the line https://t.co/IbvBp4WXv2",Sat Feb 15 11:01:07 +0000 2025,7,15
209,Nation Africa,"Farmers win as cane prices grow to Sh5,300 per tonne
https://t.co/H8ecxTuLkq",Fri Feb 14 03:54:55 +0000 2025,11,47
210,JothefÅ«ğŸ‘´ğŸ¾,"If you hate this shitty government, just know that a tonne of sugarcane goes for just ksh 5,300",Fri Feb 14 18:22:13 +0000 2025,0,0
211,Africanus,"A litre of cooking oil now retail at ksh307 double what it costed few months ago. Cooking gas is almost double, sugar is ksh160, almost double, fertilizer is almost double.... Your income is the same.
Same income gets you half of last few months purchases.
You simply got POORER.",Fri Dec 03 13:53:49 +0000 2021,305,602
212,Business Day Africa,"Kenya Raises Sugarcane Price to Ksh5,300 a Tonne https://t.co/MlVLeMf9uO via @Africa_newsday @sugar_board",Thu Feb 13 07:38:47 +0000 2025,0,1
213,David Ndii,"What do we have now? A Kenyatta cartel. When Uhuru took over as president, farmers were paid Sh30-35 per kg, consumers were paying Sh60. Where are we now. Farmers are paid Sh20-25 take it or leaving, consumers are paying Sh120.",Mon Jan 18 10:03:19 +0000 2021,193,538
214,Nation Africa,"Farmers win as cane prices grow to Sh5,300 per tonne
https://t.co/H8ecxTuduS",Sat Feb 15 10:40:05 +0000 2025,2,13
215,Wairimu Pishori ğŸš,"AVAILABLE NOW ğŸ™ğŸ™
Pure Mwea Pishori at 180/kg Retail, Wholesale at 170/kg (50kgs) 
Broken Pishori 100/kg 
Mwomboko Rice 150/kg
 Brown Rice 200/kg
Delivery done Countrywide 
Dm, Call, sms on
0748181296",Fri Feb 14 05:27:10 +0000 2025,0,1
216,TNS,"Kenya's government increased miraa prices: Grade 1, previously priced at Ksh700 per kilogram, now costs Ksh1,300; Grade 2 rose from Ksh350 to Ksh700; and Alele went from Ksh500 to Ksh1,000.",Sun Feb 16 09:33:46 +0000 2025,0,0
217,FCPA Billow Kerrow,"Nairobi food prices this week...

Sugar  1 kg...sh 150
Wheatflour 2kg...sh 185
Milk O.5L...sh 70
Potatoes 10kg..sh 800
Meat mbuzu 1kg...sh 600
Chicken boneless 1kg....sh 70
Egg 1 tray....sh 400
Cooking oil 1L...sh 345
Maize flour 2kg...sh 177

All prices headed South!",Mon Apr 18 09:28:20 +0000 2022,43,188
218,Nation Africa,"Farmers win as cane prices grow to Sh5,300 per tonne
https://t.co/H8ecxTuduS",Fri Feb 14 14:30:09 +0000 2025,1,4
219,H.E President William Ruto (Commentary),"The government of Kenya revises miraa prices as follows;

ğŸŒ± Grade 1: Sh1,300/kg (was Sh700)

ğŸŒ± Grade 2: Sh700/kg (was Sh350)

ğŸŒ± Alele: Sh1,000/kg (was Sh500)

These prices reflect significant changes, delivering results you can feel. #MiraaPricesDouble âœ”ï¸ https://t.co/AisXr3aXA8",Sat Feb 15 15:23:52 +0000 2025,12,14
220,Wairimu Pishori ğŸš,"AVAILABLE NOW ğŸ™ğŸ™
Pure Mwea Pishori at 180/kg Retail, Wholesale at 170/kg (50kgs) 
Broken Pishori 100/kg 
Mwomboko Rice 150/kg
 Brown Rice 200/kg
Delivery done Countrywide 
Dm, Call, sms on
0748181296",Mon Feb 17 04:52:07 +0000 2025,2,1
221,Wairimu Pishori ğŸš,"AVAILABLE NOW ğŸ™ğŸ™
Pure Mwea Pishori at 180/kg Retail, Wholesale at 170/kg (50kgs) 
Broken Pishori 100/kg 
Mwomboko Rice 150/kg
 Brown Rice 200/kg
Delivery done Countrywide 
Dm, Call, sms on
0748181296",Thu Feb 13 06:11:31 +0000 2025,0,0
222,Breaking News,"[BUSINESS] Farmers win as cane prices grow to Sh5,300 per tonne: Higher returns come into effect from February 10. https://t.co/jqylch0Bxc",Fri Feb 14 06:57:36 +0000 2025,0,0
223,Dennis Itumbi CBS - Commentary,"Dear Kenyans,

 1Kg Sugar is Khs 110 frm 240

 Dollar is Khs 129 frm 160

 6kg Gas is Kshs 1000 frm 1500

 1L cooking oil is Kshs 200 frm 400

 2kg unga is Kshs 97 frm 230
        
 Fertilizer is Kshs 2500 frm 7000

Don't be mean to deny Our President a word of congratulations ğŸ‘",Thu Jan 30 17:46:49 +0000 2025,153,1370
224,EmooFm,"Despite pressure by the government on Independent Power Producers (IPPs) to reduce wholesale power prices sold to Kenya Power and Lighting Company (KPLC) new data shows they have actually increased rates, exposing Kenyans to more inflationary pressures. https://t.co/mQWqsgAzbJ https://t.co/IV5HfZYtik",Wed Jul 12 10:42:00 +0000 2023,0,0
225,Ally clay ğŸ‡©ğŸ‡ªğŸ‡ªğŸ‡ºğŸ‡«ğŸ‡®ğŸ‡¸ğŸ‡´,"@MwangoCapital I gave up on Kenya when they needed 20,000 USD for a container of Mitumba.",Tue Feb 11 17:24:20 +0000 2025,0,2
226,Moe,"Kenya's government has increased miraa prices, with a kilogram of Grade 1 now at Sh1,300 (up from Sh700). 

Grade 2 will cost Sh700 per kg (up from Sh350), while Alele rises to Sh1,000 per kg (up from Sh500).",Sat Feb 15 08:52:17 +0000 2025,338,1324
227,JANE KYALO,"Can't believe I  bought Unga ya ugali at 250 a couple of months ago, and now it's roughly 100 Bob. 

Sukari nilinunua 480 saa hii ni 3 something. 

Call it what you want, but this is what Kenyans want: Affordable commodities",Mon Dec 16 13:35:50 +0000 2024,46,426
228,BIKO ONDITI ğŸ‡°ğŸ‡ª,@DudespostingWs ğŸ¤£ğŸ¤£ğŸ¤£ğŸ¤£ In Kenya you get all that for about $3..,Thu Feb 13 11:16:23 +0000 2025,0,0
229,Dan,"@LarryMadowo Kenya's government has increased miraa prices, with a kilogram of Grade 1 now at Sh1,300 (up from Sh700). 

Grade 2 will cost Sh700 per kg (up from Sh350), while Alele rises to Sh1,000 per kg (up from Sh500).",Sat Feb 15 08:53:21 +0000 2025,0,6
230,Mila Ø¬Ù…ÙŠÙ„Ø©,"@YayAreaNews No wonder our brothers/sisters were making crazy queues to purchase at 220$ .. thats about 30,000 Kes .. Awuoro.. anyways wacha tungoje za Kenya ğŸ˜…ğŸ˜…ğŸ¤£ğŸ¤£ 

https://t.co/1RU0ZOqcag",Fri Feb 14 07:02:04 +0000 2025,0,0
231,DOGEğŸ‡°ğŸ‡ª,"Kenya's government has increased miraa prices, with a kilogram of Grade 1 now at Sh1,300 (up from Sh700).   Grade 2 will cost Sh700 per kg (up from Sh350), while Alele rises to Sh1,000 per kg (up from Sh500).",Sat Feb 15 13:06:56 +0000 2025,1,1
