Commodity,Classification,Grade,Sex,Market,Wholesale,Retail,Supply Volume,County,Date
Banana (Ripening),-,-,-,Eldoret Main,21.43/Kg,-,,Uasin-Gishu,2008-06-25
Banana (Ripening),-,-,-,Loitoktok Market,14.29/Kg,-,,Kajiado,2008-06-25
Banana (Ripening),-,-,-,Nairobi Wakulima,32.86/Kg,-,,Nairobi,2008-06-24
Banana (Ripening),-,-,-,Kongowea,22.50/Kg,-,,Mombasa,2008-06-24
Banana (Ripening),-,-,-,Kibuye,25.00/Kg,-,,Kisumu,2008-06-24
Banana (Ripening),-,-,-,Nakuru Wakulima,17.86/Kg,-,,Nakuru,2008-06-24
Banana (Ripening),-,-,-,Gakoromone,21.43/Kg,-,,Meru,2008-06-24
Banana (Ripening),-,-,-,Eldoret Main,21.43/Kg,-,,Uasin-Gishu,2008-06-24
Banana (Ripening),-,-,-,Nairobi Wakulima,32.86/Kg,-,,Nairobi,2008-06-23
Banana (Ripening),-,-,-,Kongowea,21.43/Kg,-,,Mombasa,2008-06-23
Banana (Ripening),-,-,-,Kibuye,17.86/Kg,-,,Kisumu,2008-06-23
Banana (Ripening),-,-,-,Nakuru Wakulima,17.86/Kg,-,,Nakuru,2008-06-23
Banana (Ripening),-,-,-,Eldoret Main,21.43/Kg,-,,Uasin-Gishu,2008-06-23
Banana (Ripening),-,-,-,Daraja Mbili,14.29/Kg,-,,Kisii,2008-06-23
Banana (Ripening),-,-,-,Nairobi Wakulima,27.14/Kg,-,,Nairobi,2008-06-20
Banana (Ripening),-,-,-,Kongowea,17.86/Kg,-,,Mombasa,2008-06-20
Banana (Ripening),-,-,-,Nyahururu Municipal Market,42.86/Kg,-,,Laikipia,2008-06-20
Banana (Ripening),-,-,-,Kibuye,17.86/Kg,-,,Kisumu,2008-06-20
Banana (Ripening),-,-,-,Nakuru Wakulima,17.86/Kg,-,,Nakuru,2008-06-20
Banana (Ripening),-,-,-,Eldoret Main,21.43/Kg,-,,Uasin-Gishu,2008-06-20
Banana (Ripening),-,-,-,Busia Market,71.43/Kg,-,,Busia,2008-06-20
Banana (Ripening),-,-,-,Nairobi Wakulima,27.14/Kg,-,,Nairobi,2008-06-19
Banana (Ripening),-,-,-,Kibuye,17.86/Kg,-,,Kisumu,2008-06-19
Banana (Ripening),-,-,-,Nakuru Wakulima,17.86/Kg,-,,Nakuru,2008-06-19
Banana (Ripening),-,-,-,Eldoret Main,21.43/Kg,-,,Uasin-Gishu,2008-06-19
Banana (Ripening),-,-,-,Daraja Mbili,14.29/Kg,-,,Kisii,2008-06-19
Banana (Ripening),-,-,-,Embu Town,21.43/Kg,-,,Embu,2008-06-19
Banana (Ripening),-,-,-,Taveta,25.00/Kg,-,,Taita-Taveta,2008-06-19
Banana (Ripening),-,-,-,Nairobi Wakulima,33.57/Kg,-,,Nairobi,2008-06-18
Banana (Ripening),-,-,-,Kongowea,22.50/Kg,-,,Mombasa,2008-06-18
Banana (Ripening),-,-,-,Nakuru Wakulima,17.86/Kg,-,,Nakuru,2008-06-18
Banana (Ripening),-,-,-,Eldoret Main,21.43/Kg,-,,Uasin-Gishu,2008-06-18
Banana (Ripening),-,-,-,Busia Market,64.29/Kg,-,,Busia,2008-06-18
Banana (Ripening),-,-,-,Mukuyu Market,46.43/Kg,-,,Muranga,2008-06-18
Banana (Ripening),-,-,-,Nairobi Wakulima,33.57/Kg,-,,Nairobi,2008-06-17
Banana (Ripening),-,-,-,Kongowea,21.43/Kg,-,,Mombasa,2008-06-17
Banana (Ripening),-,-,-,Kibuye,14.29/Kg,-,,Kisumu,2008-06-17
Banana (Ripening),-,-,-,Nakuru Wakulima,17.86/Kg,-,,Nakuru,2008-06-17
Banana (Ripening),-,-,-,Gakoromone,18.57/Kg,-,,Meru,2008-06-17
Banana (Ripening),-,-,-,Nairobi Wakulima,30.00/Kg,-,,Nairobi,2008-06-16
Banana (Ripening),-,-,-,Kongowea,22.14/Kg,-,,Mombasa,2008-06-16
Banana (Ripening),-,-,-,Kibuye,14.29/Kg,-,,Kisumu,2008-06-16
Banana (Ripening),-,-,-,Daraja Mbili,14.29/Kg,-,,Kisii,2008-06-16
Banana (Ripening),-,-,-,Nakuru Wakulima,17.86/Kg,-,,Nakuru,2008-06-16
Banana (Ripening),-,-,-,Eldoret Main,21.43/Kg,-,,Uasin-Gishu,2008-06-16
Banana (Ripening),-,-,-,Nairobi Wakulima,31.43/Kg,-,,Nairobi,2008-06-13
Banana (Ripening),-,-,-,Kongowea,21.07/Kg,-,,Mombasa,2008-06-13
Banana (Ripening),-,-,-,Kibuye,14.29/Kg,-,,Kisumu,2008-06-13
Banana (Ripening),-,-,-,Nakuru Wakulima,17.86/Kg,-,,Nakuru,2008-06-13
Banana (Ripening),-,-,-,Mukuyu Market,46.43/Kg,-,,Muranga,2008-06-13
Banana (Ripening),-,-,-,Busia Market,71.43/Kg,-,,Busia,2008-06-13
Banana (Ripening),-,-,-,Nairobi Wakulima,31.43/Kg,-,,Nairobi,2008-06-12
Banana (Ripening),-,-,-,Kongowea,17.50/Kg,-,,Mombasa,2008-06-12
Banana (Ripening),-,-,-,Kibuye,21.43/Kg,-,,Kisumu,2008-06-12
Banana (Ripening),-,-,-,Nakuru Wakulima,17.86/Kg,-,,Nakuru,2008-06-12
Banana (Ripening),-,-,-,Eldoret Main,21.43/Kg,-,,Uasin-Gishu,2008-06-12
Banana (Ripening),-,-,-,Embu Town,21.43/Kg,-,,Embu,2008-06-12
Banana (Ripening),-,-,-,Daraja Mbili,14.29/Kg,-,,Kisii,2008-06-12
Banana (Ripening),-,-,-,Taveta,25.00/Kg,-,,Taita-Taveta,2008-06-12
Banana (Ripening),-,-,-,Busia Market,71.43/Kg,-,,Busia,2008-06-12
Banana (Ripening),-,-,-,Nairobi Wakulima,33.57/Kg,-,,Nairobi,2008-06-11
Banana (Ripening),-,-,-,Kongowea,19.29/Kg,-,,Mombasa,2008-06-11
Banana (Ripening),-,-,-,Kibuye,21.43/Kg,-,,Kisumu,2008-06-11
Banana (Ripening),-,-,-,Nakuru Wakulima,17.86/Kg,-,,Nakuru,2008-06-11
Banana (Ripening),-,-,-,Eldoret Main,21.43/Kg,-,,Uasin-Gishu,2008-06-11
Banana (Ripening),-,-,-,Loitoktok Market,14.29/Kg,-,,Kajiado,2008-06-11
Banana (Ripening),-,-,-,Busia Market,71.43/Kg,-,,Busia,2008-06-11
Banana (Ripening),-,-,-,Nairobi Wakulima,30.00/Kg,-,,Nairobi,2008-06-10
Banana (Ripening),-,-,-,Kongowea,17.86/Kg,-,,Mombasa,2008-06-10
Banana (Ripening),-,-,-,Kibuye,21.43/Kg,-,,Kisumu,2008-06-10
Banana (Ripening),-,-,-,Nakuru Wakulima,17.86/Kg,-,,Nakuru,2008-06-10
Banana (Ripening),-,-,-,Eldoret Main,21.43/Kg,-,,Uasin-Gishu,2008-06-10
Banana (Ripening),-,-,-,Gakoromone,21.43/Kg,-,,Meru,2008-06-10
Banana (Ripening),-,-,-,Busia Market,71.43/Kg,-,,Busia,2008-06-10
Banana (Ripening),-,-,-,Nairobi Wakulima,33.57/Kg,-,,Nairobi,2008-06-09
Banana (Ripening),-,-,-,Kongowea,17.50/Kg,-,,Mombasa,2008-06-09
Banana (Ripening),-,-,-,Kibuye,21.43/Kg,-,,Kisumu,2008-06-09
Banana (Ripening),-,-,-,Nakuru Wakulima,17.86/Kg,-,,Nakuru,2008-06-09
Banana (Ripening),-,-,-,Eldoret Main,22.86/Kg,-,,Uasin-Gishu,2008-06-09
Banana (Ripening),-,-,-,Daraja Mbili,14.29/Kg,-,,Kisii,2008-06-09
Banana (Ripening),-,-,-,Nairobi Wakulima,31.43/Kg,-,,Nairobi,2008-06-06
Banana (Ripening),-,-,-,Kongowea,46.43/Kg,-,,Mombasa,2008-06-06
Banana (Ripening),-,-,-,Kibuye,21.43/Kg,-,,Kisumu,2008-06-06
Banana (Ripening),-,-,-,Nakuru Wakulima,17.86/Kg,-,,Nakuru,2008-06-06
Banana (Ripening),-,-,-,Eldoret Main,22.86/Kg,-,,Uasin-Gishu,2008-06-06
Banana (Ripening),-,-,-,Nairobi Wakulima,30.00/Kg,-,,Nairobi,2008-06-05
Banana (Ripening),-,-,-,Kongowea,25.00/Kg,-,,Mombasa,2008-06-05
Banana (Ripening),-,-,-,Kibuye,21.43/Kg,-,,Kisumu,2008-06-05
Banana (Ripening),-,-,-,Nakuru Wakulima,17.86/Kg,-,,Nakuru,2008-06-05
Banana (Ripening),-,-,-,Eldoret Main,22.86/Kg,-,,Uasin-Gishu,2008-06-05
Banana (Ripening),-,-,-,Busia Market,71.43/Kg,-,,Busia,2008-06-05
Banana (Ripening),-,-,-,Daraja Mbili,14.29/Kg,-,,Kisii,2008-06-05
Banana (Ripening),-,-,-,Taveta,25.00/Kg,-,,Taita-Taveta,2008-06-05
Banana (Ripening),-,-,-,Nairobi Wakulima,31.43/Kg,-,,Nairobi,2008-06-04
Banana (Ripening),-,-,-,Kongowea,22.14/Kg,-,,Mombasa,2008-06-04
Banana (Ripening),-,-,-,Kibuye,17.86/Kg,-,,Kisumu,2008-06-04
Banana (Ripening),-,-,-,Nakuru Wakulima,17.86/Kg,-,,Nakuru,2008-06-04
Banana (Ripening),-,-,-,Eldoret Main,17.86/Kg,-,,Uasin-Gishu,2008-06-04
Banana (Ripening),-,-,-,Embu Town,20.00/Kg,-,,Embu,2008-06-04
Banana (Ripening),-,-,-,Loitoktok Market,14.29/Kg,-,,Kajiado,2008-06-04
Banana (Ripening),-,-,-,Nairobi Wakulima,28.57/Kg,-,,Nairobi,2008-06-03
Banana (Ripening),-,-,-,Kongowea,21.43/Kg,-,,Mombasa,2008-06-03
Banana (Ripening),-,-,-,Kibuye,17.86/Kg,-,,Kisumu,2008-06-03
Banana (Ripening),-,-,-,Nakuru Wakulima,17.86/Kg,-,,Nakuru,2008-06-03
Banana (Ripening),-,-,-,Eldoret Main,17.86/Kg,-,,Uasin-Gishu,2008-06-03
Banana (Ripening),-,-,-,Nairobi Wakulima,28.57/Kg,-,,Nairobi,2008-05-30
Banana (Ripening),-,-,-,Kongowea,20.00/Kg,-,,Mombasa,2008-05-30
Banana (Ripening),-,-,-,Kibuye,14.29/Kg,-,,Kisumu,2008-05-30
Banana (Ripening),-,-,-,Nakuru Wakulima,17.86/Kg,-,,Nakuru,2008-05-30
Banana (Ripening),-,-,-,Eldoret Main,20.00/Kg,-,,Uasin-Gishu,2008-05-30
Banana (Ripening),-,-,-,Nairobi Wakulima,25.71/Kg,-,,Nairobi,2008-05-29
Banana (Ripening),-,-,-,Kongowea,21.43/Kg,-,,Mombasa,2008-05-29
Banana (Ripening),-,-,-,Kibuye,14.29/Kg,-,,Kisumu,2008-05-29
Banana (Ripening),-,-,-,Nakuru Wakulima,17.86/Kg,-,,Nakuru,2008-05-29
Banana (Ripening),-,-,-,Eldoret Main,14.29/Kg,-,,Uasin-Gishu,2008-05-29
Banana (Ripening),-,-,-,Taveta,25.00/Kg,-,,Taita-Taveta,2008-05-29
Banana (Ripening),-,-,-,Nairobi Wakulima,25.36/Kg,-,,Nairobi,2008-05-28
Banana (Ripening),-,-,-,Kongowea,22.14/Kg,-,,Mombasa,2008-05-28
Banana (Ripening),-,-,-,Nakuru Wakulima,17.86/Kg,-,,Nakuru,2008-05-28
Banana (Ripening),-,-,-,Kibuye,14.29/Kg,-,,Kisumu,2008-05-28
Banana (Ripening),-,-,-,Eldoret Main,20.00/Kg,-,,Uasin-Gishu,2008-05-28
Banana (Ripening),-,-,-,Embu Town,24.29/Kg,-,,Embu,2008-05-28
Banana (Ripening),-,-,-,Busia Market,64.29/Kg,-,,Busia,2008-05-28
Banana (Ripening),-,-,-,Nairobi Wakulima,25.36/Kg,-,,Nairobi,2008-05-27
Banana (Ripening),-,-,-,Kongowea,20.36/Kg,-,,Mombasa,2008-05-27
Banana (Ripening),-,-,-,Nakuru Wakulima,17.86/Kg,-,,Nakuru,2008-05-27
Banana (Ripening),-,-,-,Eldoret Main,21.43/Kg,-,,Uasin-Gishu,2008-05-27
Banana (Ripening),-,-,-,Busia Market,57.14/Kg,-,,Busia,2008-05-27
Banana (Ripening),-,-,-,Nairobi Wakulima,25.71/Kg,-,,Nairobi,2008-05-26
Banana (Ripening),-,-,-,Kongowea,22.50/Kg,-,,Mombasa,2008-05-26
Banana (Ripening),-,-,-,Kibuye,14.29/Kg,-,,Kisumu,2008-05-26
Banana (Ripening),-,-,-,Nakuru Wakulima,17.86/Kg,-,,Nakuru,2008-05-26
Banana (Ripening),-,-,-,Eldoret Main,21.43/Kg,-,,Uasin-Gishu,2008-05-26
Banana (Ripening),-,-,-,Nairobi Wakulima,25.71/Kg,-,,Nairobi,2008-05-23
Banana (Ripening),-,-,-,Kongowea,25.00/Kg,-,,Mombasa,2008-05-23
Banana (Ripening),-,-,-,Kibuye,14.29/Kg,-,,Kisumu,2008-05-23
Banana (Ripening),-,-,-,Nakuru Wakulima,17.86/Kg,-,,Nakuru,2008-05-23
Banana (Ripening),-,-,-,Eldoret Main,22.86/Kg,-,,Uasin-Gishu,2008-05-23
Banana (Ripening),-,-,-,Nyahururu Municipal Market,39.29/Kg,-,,Laikipia,2008-05-23
Banana (Ripening),-,-,-,Nairobi Wakulima,25.71/Kg,-,,Nairobi,2008-05-22
Banana (Ripening),-,-,-,Kongowea,22.50/Kg,-,,Mombasa,2008-05-22
Banana (Ripening),-,-,-,Kibuye,21.43/Kg,-,,Kisumu,2008-05-22
Banana (Ripening),-,-,-,Daraja Mbili,10.71/Kg,-,,Kisii,2008-05-22
Banana (Ripening),-,-,-,Busia Market,71.43/Kg,-,,Busia,2008-05-22
Banana (Ripening),-,-,-,Nakuru Wakulima,17.86/Kg,-,,Nakuru,2008-05-22
Banana (Ripening),-,-,-,Eldoret Main,22.86/Kg,-,,Uasin-Gishu,2008-05-22
Banana (Ripening),-,-,-,Mukuyu Market,46.43/Kg,-,,Muranga,2008-05-22
Banana (Ripening),-,-,-,Nairobi Wakulima,27.50/Kg,-,,Nairobi,2008-05-21
Banana (Ripening),-,-,-,Kongowea,17.86/Kg,-,,Mombasa,2008-05-21
Banana (Ripening),-,-,-,Kibuye,21.43/Kg,-,,Kisumu,2008-05-21
Banana (Ripening),-,-,-,Taveta,25.00/Kg,-,,Taita-Taveta,2008-05-21
Banana (Ripening),-,-,-,Busia Market,71.43/Kg,-,,Busia,2008-05-21
Banana (Ripening),-,-,-,Nakuru Wakulima,17.86/Kg,-,,Nakuru,2008-05-21
Banana (Ripening),-,-,-,Eldoret Main,22.86/Kg,-,,Uasin-Gishu,2008-05-21
Banana (Ripening),-,-,-,Nairobi Wakulima,27.14/Kg,-,,Nairobi,2008-05-20
Banana (Ripening),-,-,-,Kongowea,17.50/Kg,-,,Mombasa,2008-05-20
Banana (Ripening),-,-,-,Kibuye,21.43/Kg,-,,Kisumu,2008-05-20
Banana (Ripening),-,-,-,Daraja Mbili,21.43/Kg,-,,Kisii,2008-05-20
Banana (Ripening),-,-,-,Nakuru Wakulima,17.86/Kg,-,,Nakuru,2008-05-20
Banana (Ripening),-,-,-,Busia Market,71.43/Kg,-,,Busia,2008-05-20
Banana (Ripening),-,-,-,Nakuru Wakulima,21.43/Kg,-,,Nakuru,2008-05-20
Banana (Ripening),-,-,-,Gakoromone,28.57/Kg,-,,Meru,2008-05-20
Banana (Ripening),-,-,-,Nyahururu Municipal Market,35.71/Kg,-,,Laikipia,2008-05-20
Banana (Ripening),-,-,-,Nairobi Wakulima,27.14/Kg,-,,Nairobi,2008-05-19
Banana (Ripening),-,-,-,Kongowea,20.36/Kg,-,,Mombasa,2008-05-19
Banana (Ripening),-,-,-,Kibuye,21.43/Kg,-,,Kisumu,2008-05-19
Banana (Ripening),-,-,-,Daraja Mbili,10.71/Kg,-,,Kisii,2008-05-19
Banana (Ripening),-,-,-,Nakuru Wakulima,17.86/Kg,-,,Nakuru,2008-05-19
Banana (Ripening),-,-,-,Busia Market,71.43/Kg,-,,Busia,2008-05-19
Banana (Ripening),-,-,-,Eldoret Main,21.43/Kg,-,,Uasin-Gishu,2008-05-19
Banana (Ripening),-,-,-,Nairobi Wakulima,30.71/Kg,-,,Nairobi,2008-05-16
Banana (Ripening),-,-,-,Kongowea,14.29/Kg,-,,Mombasa,2008-05-16
Banana (Ripening),-,-,-,Eldoret Main,21.43/Kg,-,,Uasin-Gishu,2008-05-16
Banana (Ripening),-,-,-,Nyahururu Municipal Market,42.86/Kg,-,,Laikipia,2008-05-16
Banana (Ripening),-,-,-,Busia Market,71.43/Kg,-,,Busia,2008-05-16
Banana (Ripening),-,-,-,Nakuru Wakulima,20.00/Kg,-,,Nakuru,2008-05-16
Banana (Ripening),-,-,-,Nairobi Wakulima,32.86/Kg,-,,Nairobi,2008-05-15
Banana (Ripening),-,-,-,Kongowea,20.36/Kg,-,,Mombasa,2008-05-15
Banana (Ripening),-,-,-,Kibuye,14.29/Kg,-,,Kisumu,2008-05-15
Banana (Ripening),-,-,-,Eldoret Main,21.43/Kg,-,,Uasin-Gishu,2008-05-15
Banana (Ripening),-,-,-,Gakoromone,22.86/Kg,-,,Meru,2008-05-15
Banana (Ripening),-,-,-,Nakuru Wakulima,17.86/Kg,-,,Nakuru,2008-05-15
Banana (Ripening),-,-,-,Nairobi Wakulima,30.71/Kg,-,,Nairobi,2008-05-14
Banana (Ripening),-,-,-,Kongowea,18.57/Kg,-,,Mombasa,2008-05-14
Banana (Ripening),-,-,-,Kibuye,14.29/Kg,-,,Kisumu,2008-05-14
Banana (Ripening),-,-,-,Eldoret Main,21.43/Kg,-,,Uasin-Gishu,2008-05-14
Banana (Ripening),-,-,-,Loitoktok Market,14.29/Kg,-,,Kajiado,2008-05-14
Banana (Ripening),-,-,-,Nakuru Wakulima,20.00/Kg,-,,Nakuru,2008-05-14
Banana (Ripening),-,-,-,Nairobi Wakulima,32.86/Kg,-,,Nairobi,2008-05-13
Banana (Ripening),-,-,-,Kongowea,20.36/Kg,-,,Mombasa,2008-05-13
Banana (Ripening),-,-,-,Kibuye,14.29/Kg,-,,Kisumu,2008-05-13
Banana (Ripening),-,-,-,Eldoret Main,21.43/Kg,-,,Uasin-Gishu,2008-05-13
Banana (Ripening),-,-,-,Gakoromone,22.86/Kg,-,,Meru,2008-05-13
Banana (Ripening),-,-,-,Nakuru Wakulima,17.86/Kg,-,,Nakuru,2008-05-13
Banana (Ripening),-,-,-,Nairobi Wakulima,32.86/Kg,-,,Nairobi,2008-05-12
Banana (Ripening),-,-,-,Kongowea,18.93/Kg,-,,Mombasa,2008-05-12
Banana (Ripening),-,-,-,Kibuye,17.86/Kg,-,,Kisumu,2008-05-12
Banana (Ripening),-,-,-,Eldoret Main,21.43/Kg,-,,Uasin-Gishu,2008-05-12
Banana (Ripening),-,-,-,Daraja Mbili,12.86/Kg,-,,Kisii,2008-05-12
Banana (Ripening),-,-,-,Nairobi Wakulima,32.86/Kg,-,,Nairobi,2008-05-09
Banana (Ripening),-,-,-,Kongowea,22.14/Kg,-,,Mombasa,2008-05-09
Banana (Ripening),-,-,-,Nakuru Wakulima,17.86/Kg,-,,Nakuru,2008-05-09
Banana (Ripening),-,-,-,Eldoret Main,21.43/Kg,-,,Uasin-Gishu,2008-05-09
Banana (Ripening),-,-,-,Busia Market,42.86/Kg,-,,Busia,2008-05-09
Banana (Ripening),-,-,-,Nyahururu Municipal Market,42.86/Kg,-,,Laikipia,2008-05-09
Banana (Ripening),-,-,-,Kajiado Market,42.86/Kg,-,,Kajiado,2008-05-09
Banana (Ripening),-,-,-,Nairobi Wakulima,32.86/Kg,-,,Nairobi,2008-05-08
Banana (Ripening),-,-,-,Kongowea,14.29/Kg,-,,Mombasa,2008-05-08
Banana (Ripening),-,-,-,Busia Market,57.14/Kg,-,,Busia,2008-05-08
Banana (Ripening),-,-,-,Kibuye,17.86/Kg,-,,Kisumu,2008-05-08
Banana (Ripening),-,-,-,Nakuru Wakulima,17.86/Kg,-,,Nakuru,2008-05-08
Banana (Ripening),-,-,-,Mukuyu Market,35.71/Kg,-,,Muranga,2008-05-08
Banana (Ripening),-,-,-,Nairobi Wakulima,32.86/Kg,-,,Nairobi,2008-05-07
Banana (Ripening),-,-,-,Kongowea,16.07/Kg,-,,Mombasa,2008-05-07
Banana (Ripening),-,-,-,Nakuru Wakulima,20.00/Kg,-,,Nakuru,2008-05-07
Banana (Ripening),-,-,-,Kibuye,17.86/Kg,-,,Kisumu,2008-05-07
Banana (Ripening),-,-,-,Busia Market,57.14/Kg,-,,Busia,2008-05-07
Banana (Ripening),-,-,-,Nyahururu Municipal Market,42.86/Kg,-,,Laikipia,2008-05-07
Banana (Ripening),-,-,-,Embu Town,28.57/Kg,-,,Embu,2008-05-07
Banana (Ripening),-,-,-,Eldoret Main,21.43/Kg,-,,Uasin-Gishu,2008-05-07
Banana (Ripening),-,-,-,Nairobi Wakulima,32.86/Kg,-,,Nairobi,2008-05-06
Banana (Ripening),-,-,-,Kongowea,16.07/Kg,-,,Mombasa,2008-05-06
Banana (Ripening),-,-,-,Kibuye,17.86/Kg,-,,Kisumu,2008-05-06
Banana (Ripening),-,-,-,Nakuru Wakulima,21.43/Kg,-,,Nakuru,2008-05-06
Banana (Ripening),-,-,-,Gakoromone,17.86/Kg,-,,Meru,2008-05-06
Banana (Ripening),-,-,-,Busia Market,64.29/Kg,-,,Busia,2008-05-06
Banana (Ripening),-,-,-,Nairobi Wakulima,31.43/Kg,-,,Nairobi,2008-05-05
Banana (Ripening),-,-,-,Kongowea,25.00/Kg,-,,Mombasa,2008-05-05
Banana (Ripening),-,-,-,Kibuye,10.71/Kg,-,,Kisumu,2008-05-05
Banana (Ripening),-,-,-,Nakuru Wakulima,25.00/Kg,-,,Nakuru,2008-05-05
Banana (Ripening),-,-,-,Eldoret Main,21.43/Kg,-,,Uasin-Gishu,2008-05-05
Banana (Ripening),-,-,-,Busia Market,64.29/Kg,-,,Busia,2008-05-05
Banana (Ripening),-,-,-,Nairobi Wakulima,31.43/Kg,-,,Nairobi,2008-05-02
Banana (Ripening),-,-,-,Kongowea,19.64/Kg,-,,Mombasa,2008-05-02
Banana (Ripening),-,-,-,Kibuye,10.71/Kg,-,,Kisumu,2008-05-02
Banana (Ripening),-,-,-,Nakuru Wakulima,17.86/Kg,-,,Nakuru,2008-05-02
Banana (Ripening),-,-,-,Eldoret Main,16.43/Kg,-,,Uasin-Gishu,2008-05-02
Banana (Ripening),-,-,-,Busia Market,64.29/Kg,-,,Busia,2008-05-02
Banana (Ripening),-,-,-,Nairobi Wakulima,31.43/Kg,-,,Nairobi,2008-04-30
Banana (Ripening),-,-,-,Kongowea,17.50/Kg,-,,Mombasa,2008-04-30
Banana (Ripening),-,-,-,Kibuye,14.29/Kg,-,,Kisumu,2008-04-30
Banana (Ripening),-,-,-,Nakuru Wakulima,42.86/Kg,-,,Nakuru,2008-04-30
Banana (Ripening),-,-,-,Eldoret Main,16.43/Kg,-,,Uasin-Gishu,2008-04-30
Banana (Ripening),-,-,-,Taveta,25.00/Kg,-,,Taita-Taveta,2008-04-30
Banana (Ripening),-,-,-,Loitoktok Market,25.00/Kg,-,,Kajiado,2008-04-30
Banana (Ripening),-,-,-,Nairobi Wakulima,31.43/Kg,-,,Nairobi,2008-04-29
Banana (Ripening),-,-,-,Kongowea,22.50/Kg,-,,Mombasa,2008-04-29
Banana (Ripening),-,-,-,Kibuye,14.29/Kg,-,,Kisumu,2008-04-29
Banana (Ripening),-,-,-,Eldoret Main,21.43/Kg,-,,Uasin-Gishu,2008-04-29
Banana (Ripening),-,-,-,Nakuru Wakulima,16.43/Kg,-,,Nakuru,2008-04-29
Banana (Ripening),-,-,-,Busia Market,57.14/Kg,-,,Busia,2008-04-29
Banana (Ripening),-,-,-,Nairobi Wakulima,34.29/Kg,-,,Nairobi,2008-04-28
Banana (Ripening),-,-,-,Kongowea,21.43/Kg,-,,Mombasa,2008-04-28
Banana (Ripening),-,-,-,Kibuye,14.29/Kg,-,,Kisumu,2008-04-28
Banana (Ripening),-,-,-,Nakuru Wakulima,25.00/Kg,-,,Nakuru,2008-04-28
Banana (Ripening),-,-,-,Daraja Mbili,11.43/Kg,-,,Kisii,2008-04-28
Banana (Ripening),-,-,-,Eldoret Main,16.43/Kg,-,,Uasin-Gishu,2008-04-28
Banana (Ripening),-,-,-,Busia Market,42.86/Kg,-,,Busia,2008-04-28
Banana (Ripening),-,-,-,Nairobi Wakulima,31.43/Kg,-,,Nairobi,2008-04-25
Banana (Ripening),-,-,-,Kongowea,17.86/Kg,-,,Mombasa,2008-04-25
Banana (Ripening),-,-,-,Kibuye,14.29/Kg,-,,Kisumu,2008-04-25
Banana (Ripening),-,-,-,Nakuru Wakulima,20.00/Kg,-,,Nakuru,2008-04-25
Banana (Ripening),-,-,-,Busia Market,14.29/Kg,-,,Busia,2008-04-25
Banana (Ripening),-,-,-,Eldoret Main,14.29/Kg,-,,Uasin-Gishu,2008-04-25
Banana (Ripening),-,-,-,Nairobi Wakulima,32.14/Kg,-,,Nairobi,2008-04-24
Banana (Ripening),-,-,-,Kongowea,19.64/Kg,-,,Mombasa,2008-04-24
Banana (Ripening),-,-,-,Kibuye,17.86/Kg,-,,Kisumu,2008-04-24
Banana (Ripening),-,-,-,Nakuru Wakulima,20.00/Kg,-,,Nakuru,2008-04-24
Banana (Ripening),-,-,-,Eldoret Main,14.29/Kg,-,,Uasin-Gishu,2008-04-24
Banana (Ripening),-,-,-,Busia Market,57.14/Kg,-,,Busia,2008-04-24
Banana (Ripening),-,-,-,Embu Town,25.71/Kg,-,,Embu,2008-04-24
Banana (Ripening),-,-,-,Mukuyu Market,53.57/Kg,-,,Muranga,2008-04-24
Banana (Ripening),-,-,-,Nairobi Wakulima,22.14/Kg,-,,Nairobi,2008-04-23
Banana (Ripening),-,-,-,Kongowea,18.57/Kg,-,,Mombasa,2008-04-23
Banana (Ripening),-,-,-,Kajiado Market,25.00/Kg,-,,Kajiado,2008-04-23
Banana (Ripening),-,-,-,Eldoret Main,16.43/Kg,-,,Uasin-Gishu,2008-04-23
Banana (Ripening),-,-,-,Taveta,25.00/Kg,-,,Taita-Taveta,2008-04-23
Banana (Ripening),-,-,-,Eldoret Main,27.14/Kg,-,,Uasin-Gishu,2008-04-23
Banana (Ripening),-,-,-,Nairobi Wakulima,32.14/Kg,-,,Nairobi,2008-04-22
Banana (Ripening),-,-,-,Kongowea,17.86/Kg,-,,Mombasa,2008-04-22
Banana (Ripening),-,-,-,Kibuye,17.86/Kg,-,,Kisumu,2008-04-22
Banana (Ripening),-,-,-,Nakuru Wakulima,27.14/Kg,-,,Nakuru,2008-04-22
Banana (Ripening),-,-,-,Gakoromone,21.43/Kg,-,,Meru,2008-04-22
Banana (Ripening),-,-,-,Nairobi Wakulima,32.14/Kg,-,,Nairobi,2008-04-21
Banana (Ripening),-,-,-,Kongowea,20.00/Kg,-,,Mombasa,2008-04-21
Banana (Ripening),-,-,-,Kibuye,17.86/Kg,-,,Kisumu,2008-04-21
Banana (Ripening),-,-,-,Nakuru Wakulima,17.86/Kg,-,,Nakuru,2008-04-21
Banana (Ripening),-,-,-,Eldoret Main,16.43/Kg,-,,Uasin-Gishu,2008-04-21
Banana (Ripening),-,-,-,Daraja Mbili,11.43/Kg,-,,Kisii,2008-04-21
Banana (Ripening),-,-,-,Nairobi Wakulima,32.14/Kg,-,,Nairobi,2008-04-19
Banana (Ripening),-,-,-,Kongowea,20.71/Kg,-,,Mombasa,2008-04-19
Banana (Ripening),-,-,-,Daraja Mbili,11.43/Kg,-,,Kisii,2008-04-19
Banana (Ripening),-,-,-,Nakuru Wakulima,17.86/Kg,-,,Nakuru,2008-04-19
Banana (Ripening),-,-,-,Eldoret Main,16.43/Kg,-,,Uasin-Gishu,2008-04-19
Banana (Ripening),-,-,-,Nairobi Wakulima,32.14/Kg,-,,Nairobi,2008-04-18
Banana (Ripening),-,-,-,Kongowea,19.64/Kg,-,,Mombasa,2008-04-18
Banana (Ripening),-,-,-,Kibuye,17.86/Kg,-,,Kisumu,2008-04-18
Banana (Ripening),-,-,-,Nakuru Wakulima,17.86/Kg,-,,Nakuru,2008-04-18
Banana (Ripening),-,-,-,Eldoret Main,16.43/Kg,-,,Uasin-Gishu,2008-04-18
Banana (Ripening),-,-,-,Nairobi Wakulima,32.14/Kg,-,,Nairobi,2008-04-17
Banana (Ripening),-,-,-,Kongowea,20.71/Kg,-,,Mombasa,2008-04-17
Banana (Ripening),-,-,-,Daraja Mbili,11.43/Kg,-,,Kisii,2008-04-17
Banana (Ripening),-,-,-,Kibuye,17.86/Kg,-,,Kisumu,2008-04-17
Banana (Ripening),-,-,-,Nakuru Wakulima,17.86/Kg,-,,Nakuru,2008-04-17
Banana (Ripening),-,-,-,Eldoret Main,16.43/Kg,-,,Uasin-Gishu,2008-04-17
Banana (Ripening),-,-,-,Nairobi Wakulima,33.57/Kg,-,,Nairobi,2008-04-16
Banana (Ripening),-,-,-,Kongowea,20.00/Kg,-,,Mombasa,2008-04-16
Banana (Ripening),-,-,-,Nakuru Wakulima,17.86/Kg,-,,Nakuru,2008-04-16
Banana (Ripening),-,-,-,Eldoret Main,17.86/Kg,-,,Uasin-Gishu,2008-04-16
Banana (Ripening),-,-,-,Kajiado Market,57.14/Kg,-,,Kajiado,2008-04-16
Banana (Ripening),-,-,-,Loitoktok Market,25.00/Kg,-,,Kajiado,2008-04-16
Banana (Ripening),-,-,-,Nyahururu Municipal Market,42.86/Kg,-,,Laikipia,2008-04-16
Banana (Ripening),-,-,-,Nairobi Wakulima,33.57/Kg,-,,Nairobi,2008-04-15
Banana (Ripening),-,-,-,Kongowea,18.93/Kg,-,,Mombasa,2008-04-15
Banana (Ripening),-,-,-,Nakuru Wakulima,17.86/Kg,-,,Nakuru,2008-04-15
Banana (Ripening),-,-,-,Gakoromone,21.43/Kg,-,,Meru,2008-04-15
Banana (Ripening),-,-,-,Nairobi Wakulima,30.00/Kg,-,,Nairobi,2008-04-14
Banana (Ripening),-,-,-,Kongowea,18.21/Kg,-,,Mombasa,2008-04-14
Banana (Ripening),-,-,-,Daraja Mbili,10.71/Kg,-,,Kisii,2008-04-14
Banana (Ripening),-,-,-,Nakuru Wakulima,20.00/Kg,-,,Nakuru,2008-04-14
Banana (Ripening),-,-,-,Eldoret Main,14.29/Kg,-,,Uasin-Gishu,2008-04-14
Banana (Ripening),-,-,-,Nairobi Wakulima,34.29/Kg,-,,Nairobi,2008-04-11
Banana (Ripening),-,-,-,Kongowea,19.29/Kg,-,,Mombasa,2008-04-11
Banana (Ripening),-,-,-,Nakuru Wakulima,21.43/Kg,-,,Nakuru,2008-04-11
Banana (Ripening),-,-,-,Eldoret Main,14.29/Kg,-,,Uasin-Gishu,2008-04-11
Banana (Ripening),-,-,-,Nairobi Wakulima,34.29/Kg,-,,Nairobi,2008-04-10
Banana (Ripening),-,-,-,Kongowea,18.21/Kg,-,,Mombasa,2008-04-10
Banana (Ripening),-,-,-,Nakuru Wakulima,21.43/Kg,-,,Nakuru,2008-04-10
Banana (Ripening),-,-,-,Eldoret Main,14.29/Kg,-,,Uasin-Gishu,2008-04-10
Banana (Ripening),-,-,-,Nairobi Wakulima,32.14/Kg,-,,Nairobi,2008-04-09
Banana (Ripening),-,-,-,Kongowea,17.50/Kg,-,,Mombasa,2008-04-09
Banana (Ripening),-,-,-,Nakuru Wakulima,17.86/Kg,-,,Nakuru,2008-04-09
Banana (Ripening),-,-,-,Eldoret Main,14.29/Kg,-,,Uasin-Gishu,2008-04-09
Banana (Ripening),-,-,-,Taveta,21.43/Kg,-,,Taita-Taveta,2008-04-09
Banana (Ripening),-,-,-,Nairobi Wakulima,32.14/Kg,-,,Nairobi,2008-04-08
Banana (Ripening),-,-,-,Kongowea,16.07/Kg,-,,Mombasa,2008-04-08
Banana (Ripening),-,-,-,Daraja Mbili,10.71/Kg,-,,Kisii,2008-04-08
Banana (Ripening),-,-,-,Nakuru Wakulima,17.86/Kg,-,,Nakuru,2008-04-08
Banana (Ripening),-,-,-,Eldoret Main,14.29/Kg,-,,Uasin-Gishu,2008-04-08
Banana (Ripening),-,-,-,Nyahururu Municipal Market,42.86/Kg,-,,Laikipia,2008-04-08
Banana (Ripening),-,-,-,Nairobi Wakulima,32.14/Kg,-,,Nairobi,2008-04-07
Banana (Ripening),-,-,-,Kongowea,21.43/Kg,-,,Mombasa,2008-04-07
Banana (Ripening),-,-,-,Nakuru Wakulima,17.86/Kg,-,,Nakuru,2008-04-07
Banana (Ripening),-,-,-,Eldoret Main,17.86/Kg,-,,Uasin-Gishu,2008-04-07
Banana (Ripening),-,-,-,Nairobi Wakulima,32.14/Kg,-,,Nairobi,2008-04-04
Banana (Ripening),-,-,-,Kongowea,17.86/Kg,-,,Mombasa,2008-04-04
Banana (Ripening),-,-,-,Eldoret Main,20.00/Kg,-,,Uasin-Gishu,2008-04-04
Banana (Ripening),-,-,-,Nakuru Wakulima,20.00/Kg,-,,Nakuru,2008-04-04
Banana (Ripening),-,-,-,Busia Market,57.14/Kg,-,,Busia,2008-04-04
Banana (Ripening),-,-,-,Nairobi Wakulima,31.43/Kg,-,,Nairobi,2008-04-03
Banana (Ripening),-,-,-,Kongowea,17.14/Kg,-,,Mombasa,2008-04-03
Banana (Ripening),-,-,-,Daraja Mbili,12.86/Kg,-,,Kisii,2008-04-03
Banana (Ripening),-,-,-,Eldoret Main,20.00/Kg,-,,Uasin-Gishu,2008-04-03
Banana (Ripening),-,-,-,Nakuru Wakulima,20.00/Kg,-,,Nakuru,2008-04-03
Banana (Ripening),-,-,-,Embu Town,27.14/Kg,-,,Embu,2008-04-03
Banana (Ripening),-,-,-,Busia Market,57.14/Kg,-,,Busia,2008-04-03
Banana (Ripening),-,-,-,Nairobi Wakulima,31.43/Kg,-,,Nairobi,2008-04-01
Banana (Ripening),-,-,-,Kongowea,23.21/Kg,-,,Mombasa,2008-04-01
Banana (Ripening),-,-,-,Nairobi Wakulima,32.86/Kg,-,,Nairobi,2008-01-31
Banana (Ripening),-,-,-,Kongowea,14.29/Kg,-,,Mombasa,2008-01-31
Banana (Ripening),-,-,-,Eldoret Main,21.43/Kg,-,,Uasin-Gishu,2008-01-31
Banana (Ripening),-,-,-,Embu Town,24.29/Kg,-,,Embu,2008-01-31
Banana (Ripening),-,-,-,Nairobi Wakulima,32.86/Kg,-,,Nairobi,2008-01-30
Banana (Ripening),-,-,-,Nakuru Wakulima,21.43/Kg,-,,Nakuru,2008-01-30
Banana (Ripening),-,-,-,Kongowea,22.14/Kg,-,,Mombasa,2008-01-30
Banana (Ripening),-,-,-,Embu Town,24.29/Kg,-,,Embu,2008-01-30
Banana (Ripening),-,-,-,Nairobi Wakulima,31.43/Kg,-,,Nairobi,2008-01-29
Banana (Ripening),-,-,-,Nakuru Wakulima,21.43/Kg,-,,Nakuru,2008-01-29
Banana (Ripening),-,-,-,Kongowea,17.14/Kg,-,,Mombasa,2008-01-29
Banana (Ripening),-,-,-,Nairobi Wakulima,31.43/Kg,-,,Nairobi,2008-01-26
Banana (Ripening),-,-,-,Nakuru Wakulima,21.43/Kg,-,,Nakuru,2008-01-26
Banana (Ripening),-,-,-,Kongowea,14.29/Kg,-,,Mombasa,2008-01-26
Banana (Ripening),-,-,-,Busia Market,42.86/Kg,-,,Busia,2008-01-26
Banana (Ripening),-,-,-,Nairobi Wakulima,30.00/Kg,-,,Nairobi,2008-01-25
Banana (Ripening),-,-,-,Nakuru Wakulima,21.43/Kg,-,,Nakuru,2008-01-25
Banana (Ripening),-,-,-,Kongowea,18.21/Kg,-,,Mombasa,2008-01-25
Banana (Ripening),-,-,-,Embu Town,24.29/Kg,-,,Embu,2008-01-25
Banana (Ripening),-,-,-,Busia Market,42.86/Kg,-,,Busia,2008-01-25
Banana (Ripening),-,-,-,Nairobi Wakulima,30.00/Kg,-,,Nairobi,2008-01-24
Banana (Ripening),-,-,-,Nakuru Wakulima,21.43/Kg,-,,Nakuru,2008-01-24
Banana (Ripening),-,-,-,Kongowea,18.57/Kg,-,,Mombasa,2008-01-24
Banana (Ripening),-,-,-,Embu Town,24.29/Kg,-,,Embu,2008-01-24
Banana (Ripening),-,-,-,Busia Market,42.86/Kg,-,,Busia,2008-01-24
Banana (Ripening),-,-,-,Nairobi Wakulima,30.00/Kg,-,,Nairobi,2008-01-23
Banana (Ripening),-,-,-,Nakuru Wakulima,21.43/Kg,-,,Nakuru,2008-01-23
Banana (Ripening),-,-,-,Kongowea,28.57/Kg,-,,Mombasa,2008-01-23
Banana (Ripening),-,-,-,Busia Market,57.14/Kg,-,,Busia,2008-01-23
Banana (Ripening),-,-,-,Nairobi Wakulima,35.71/Kg,-,,Nairobi,2008-01-22
Banana (Ripening),-,-,-,Nakuru Wakulima,21.43/Kg,-,,Nakuru,2008-01-22
Banana (Ripening),-,-,-,Kongowea,17.86/Kg,-,,Mombasa,2008-01-22
Banana (Ripening),-,-,-,Nairobi Wakulima,35.71/Kg,-,,Nairobi,2008-01-21
Banana (Ripening),-,-,-,Nakuru Wakulima,21.43/Kg,-,,Nakuru,2008-01-21
Banana (Ripening),-,-,-,Kongowea,17.86/Kg,-,,Mombasa,2008-01-21
Banana (Ripening),-,-,-,Nairobi Wakulima,40.71/Kg,-,,Nairobi,2008-01-18
Banana (Ripening),-,-,-,Nakuru Wakulima,17.86/Kg,-,,Nakuru,2008-01-18
Banana (Ripening),-,-,-,Kongowea,21.43/Kg,-,,Mombasa,2008-01-18
Banana (Ripening),-,-,-,Nairobi Wakulima,35.71/Kg,-,,Nairobi,2008-01-16
Banana (Ripening),-,-,-,Nakuru Wakulima,17.86/Kg,-,,Nakuru,2008-01-16
Banana (Ripening),-,-,-,Kongowea,21.43/Kg,-,,Mombasa,2008-01-16
Banana (Ripening),-,-,-,Embu Town,27.14/Kg,-,,Embu,2008-01-16
Banana (Ripening),-,-,-,Nairobi Wakulima,35.71/Kg,-,,Nairobi,2008-01-15
Banana (Ripening),-,-,-,Nakuru Wakulima,14.29/Kg,-,,Nakuru,2008-01-15
Banana (Ripening),-,-,-,Kongowea,21.43/Kg,-,,Mombasa,2008-01-15
Banana (Ripening),-,-,-,Busia Market,42.86/Kg,-,,Busia,2008-01-15
Banana (Ripening),-,-,-,Nairobi Wakulima,32.86/Kg,-,,Nairobi,2008-01-11
Banana (Ripening),-,-,-,Nakuru Wakulima,14.29/Kg,-,,Nakuru,2008-01-11
Banana (Ripening),-,-,-,Kongowea,21.43/Kg,-,,Mombasa,2008-01-11
Banana (Ripening),-,-,-,Busia Market,42.86/Kg,-,,Busia,2008-01-11
Banana (Ripening),-,-,-,Nairobi Wakulima,32.14/Kg,-,,Nairobi,2008-01-10
Banana (Ripening),-,-,-,Busia Market,57.14/Kg,-,,Busia,2008-01-10
Banana (Ripening),-,-,-,Nairobi Wakulima,33.57/Kg,-,,Nairobi,2008-01-08
Banana (Ripening),-,-,-,Nairobi Wakulima,33.57/Kg,-,,Nairobi,2008-01-07
Banana (Ripening),-,-,-,Isebania Market,12.14/Kg,-,,Migori,2008-01-07
Banana (Ripening),-,-,-,Nairobi Wakulima,28.57/Kg,-,,Nairobi,2005-10-30
Banana (Ripening),-,-,-,Kongowea,20.36/Kg,-,,Mombasa,2005-10-30
Banana (Ripening),-,-,-,Nakuru Wakulima,10.71/Kg,-,,Nakuru,2005-10-30
Banana (Ripening),-,-,-,Eldoret Main,17.86/Kg,-,,Uasin-Gishu,2005-10-30
Banana (Ripening),-,-,-,Nairobi Wakulima,28.57/Kg,-,,Nairobi,2005-10-27
Banana (Ripening),-,-,-,Kongowea,21.07/Kg,-,,Mombasa,2005-10-27
Banana (Ripening),-,-,-,Nakuru Wakulima,10.71/Kg,-,,Nakuru,2005-10-27
Banana (Ripening),-,-,-,Eldoret Main,17.86/Kg,-,,Uasin-Gishu,2005-10-27
Banana (Ripening),-,-,-,Nairobi Wakulima,28.57/Kg,-,,Nairobi,2005-10-26
Banana (Ripening),-,-,-,Kongowea,19.29/Kg,-,,Mombasa,2005-10-26
Banana (Ripening),-,-,-,Nakuru Wakulima,10.71/Kg,-,,Nakuru,2005-10-26
Banana (Ripening),-,-,-,Eldoret Main,17.86/Kg,-,,Uasin-Gishu,2005-10-26
Banana (Ripening),-,-,-,Nairobi Wakulima,28.57/Kg,-,,Nairobi,2005-10-25
Banana (Ripening),-,-,-,Kongowea,19.64/Kg,-,,Mombasa,2005-10-25
Banana (Ripening),-,-,-,Nakuru Wakulima,11.43/Kg,-,,Nakuru,2005-10-25
Banana (Ripening),-,-,-,Eldoret Main,17.86/Kg,-,,Uasin-Gishu,2005-10-25
Banana (Ripening),-,-,-,Nairobi Wakulima,28.57/Kg,-,,Nairobi,2005-10-24
Banana (Ripening),-,-,-,Kongowea,18.21/Kg,-,,Mombasa,2005-10-24
Banana (Ripening),-,-,-,Nakuru Wakulima,12.14/Kg,-,,Nakuru,2005-10-24
Banana (Ripening),-,-,-,Eldoret Main,17.86/Kg,-,,Uasin-Gishu,2005-10-24
Banana (Ripening),-,-,-,Nairobi Wakulima,28.57/Kg,-,,Nairobi,2005-10-23
Banana (Ripening),-,-,-,Kongowea,18.21/Kg,-,,Mombasa,2005-10-23
Banana (Ripening),-,-,-,Nakuru Wakulima,12.14/Kg,-,,Nakuru,2005-10-23
Banana (Ripening),-,-,-,Eldoret Main,17.86/Kg,-,,Uasin-Gishu,2005-10-23
Banana (Ripening),-,-,-,Nairobi Wakulima,28.57/Kg,-,,Nairobi,2005-10-19
Banana (Ripening),-,-,-,Kongowea,18.93/Kg,-,,Mombasa,2005-10-19
Banana (Ripening),-,-,-,Nakuru Wakulima,12.14/Kg,-,,Nakuru,2005-10-19
Banana (Ripening),-,-,-,Eldoret Main,17.86/Kg,-,,Uasin-Gishu,2005-10-19
Banana (Ripening),-,-,-,Nairobi Wakulima,28.57/Kg,-,,Nairobi,2005-10-18
Banana (Ripening),-,-,-,Kongowea,21.43/Kg,-,,Mombasa,2005-10-18
Banana (Ripening),-,-,-,Nakuru Wakulima,11.43/Kg,-,,Nakuru,2005-10-18
Banana (Ripening),-,-,-,Eldoret Main,17.86/Kg,-,,Uasin-Gishu,2005-10-18
Banana (Ripening),-,-,-,Nairobi Wakulima,26.43/Kg,-,,Nairobi,2005-10-17
Banana (Ripening),-,-,-,Kongowea,20.00/Kg,-,,Mombasa,2005-10-17
Banana (Ripening),-,-,-,Nakuru Wakulima,11.43/Kg,-,,Nakuru,2005-10-17
Banana (Ripening),-,-,-,Eldoret Main,20.00/Kg,-,,Uasin-Gishu,2005-10-17
Banana (Ripening),-,-,-,Nairobi Wakulima,26.43/Kg,-,,Nairobi,2005-10-16
Banana (Ripening),-,-,-,Kongowea,20.00/Kg,-,,Mombasa,2005-10-16
Banana (Ripening),-,-,-,Nakuru Wakulima,11.43/Kg,-,,Nakuru,2005-10-16
Banana (Ripening),-,-,-,Eldoret Main,14.29/Kg,-,,Uasin-Gishu,2005-10-16
Banana (Ripening),-,-,-,Nairobi Wakulima,26.43/Kg,-,,Nairobi,2005-10-13
Banana (Ripening),-,-,-,Kongowea,23.57/Kg,-,,Mombasa,2005-10-13
Banana (Ripening),-,-,-,Nakuru Wakulima,11.43/Kg,-,,Nakuru,2005-10-13
Banana (Ripening),-,-,-,Busia Market,42.86/Kg,-,,Busia,2005-10-13
Banana (Ripening),-,-,-,Eldoret Main,14.29/Kg,-,,Uasin-Gishu,2005-10-13
Banana (Ripening),-,-,-,Nairobi Wakulima,26.43/Kg,-,,Nairobi,2005-10-12
Banana (Ripening),-,-,-,Kongowea,21.43/Kg,-,,Mombasa,2005-10-12
Banana (Ripening),-,-,-,Nakuru Wakulima,11.43/Kg,-,,Nakuru,2005-10-12
Banana (Ripening),-,-,-,Busia Market,42.86/Kg,-,,Busia,2005-10-12
Banana (Ripening),-,-,-,Eldoret Main,14.29/Kg,-,,Uasin-Gishu,2005-10-12
Banana (Ripening),-,-,-,Nairobi Wakulima,28.57/Kg,-,,Nairobi,2005-10-11
Banana (Ripening),-,-,-,Kongowea,21.43/Kg,-,,Mombasa,2005-10-11
Banana (Ripening),-,-,-,Nakuru Wakulima,10.71/Kg,-,,Nakuru,2005-10-11
Banana (Ripening),-,-,-,Busia Market,42.86/Kg,-,,Busia,2005-10-11
Banana (Ripening),-,-,-,Eldoret Main,17.86/Kg,-,,Uasin-Gishu,2005-10-11
Banana (Ripening),-,-,-,Nairobi Wakulima,28.57/Kg,-,,Nairobi,2005-10-09
Banana (Ripening),-,-,-,Kongowea,18.21/Kg,-,,Mombasa,2005-10-09
Banana (Ripening),-,-,-,Nakuru Wakulima,10.71/Kg,-,,Nakuru,2005-10-09
Banana (Ripening),-,-,-,Busia Market,42.86/Kg,-,,Busia,2005-10-09
Banana (Ripening),-,-,-,Eldoret Main,14.29/Kg,-,,Uasin-Gishu,2005-10-09
Banana (Ripening),-,-,-,Nairobi Wakulima,29.29/Kg,-,,Nairobi,2005-10-06
Banana (Ripening),-,-,-,Kongowea,15.00/Kg,-,,Mombasa,2005-10-06
Banana (Ripening),-,-,-,Nakuru Wakulima,11.43/Kg,-,,Nakuru,2005-10-06
Banana (Ripening),-,-,-,Busia Market,50.00/Kg,-,,Busia,2005-10-06
Banana (Ripening),-,-,-,Eldoret Main,14.29/Kg,-,,Uasin-Gishu,2005-10-06
Banana (Ripening),-,-,-,Nairobi Wakulima,29.29/Kg,-,,Nairobi,2005-10-05
Banana (Ripening),-,-,-,Kongowea,19.29/Kg,-,,Mombasa,2005-10-05
Banana (Ripening),-,-,-,Busia Market,50.00/Kg,-,,Busia,2005-10-05
Banana (Ripening),-,-,-,Eldoret Main,14.29/Kg,-,,Uasin-Gishu,2005-10-05
Banana (Ripening),-,-,-,Nairobi Wakulima,30.00/Kg,-,,Nairobi,2005-10-04
Banana (Ripening),-,-,-,Kongowea,20.36/Kg,-,,Mombasa,2005-10-04
Banana (Ripening),-,-,-,Busia Market,50.00/Kg,-,,Busia,2005-10-04
Banana (Ripening),-,-,-,Eldoret Main,17.86/Kg,-,,Uasin-Gishu,2005-10-04
Banana (Ripening),-,-,-,Nairobi Wakulima,29.29/Kg,-,,Nairobi,2005-10-03
Banana (Ripening),-,-,-,Kongowea,21.43/Kg,-,,Mombasa,2005-10-03
Banana (Ripening),-,-,-,Nakuru Wakulima,11.43/Kg,-,,Nakuru,2005-10-03
Banana (Ripening),-,-,-,Busia Market,50.00/Kg,-,,Busia,2005-10-03
Banana (Ripening),-,-,-,Eldoret Main,17.86/Kg,-,,Uasin-Gishu,2005-10-03
Banana (Ripening),-,-,-,Nairobi Wakulima,28.57/Kg,-,,Nairobi,2005-10-02
Banana (Ripening),-,-,-,Kongowea,21.43/Kg,-,,Mombasa,2005-10-02
Banana (Ripening),-,-,-,Nakuru Wakulima,10.71/Kg,-,,Nakuru,2005-10-02
Banana (Ripening),-,-,-,Busia Market,42.86/Kg,-,,Busia,2005-10-02
Banana (Ripening),-,-,-,Eldoret Main,14.29/Kg,-,,Uasin-Gishu,2005-10-02
Banana (Ripening),-,-,-,Nairobi Wakulima,25.00/Kg,-,,Nairobi,2005-09-30
Banana (Ripening),-,-,-,Kongowea,20.36/Kg,-,,Mombasa,2005-09-30
Banana (Ripening),-,-,-,Nakuru Wakulima,27.14/Kg,-,,Nakuru,2005-09-30
Banana (Ripening),-,-,-,Karatina,10.71/Kg,-,,Nyeri,2005-09-30
Banana (Ripening),-,-,-,Eldoret Main,17.86/Kg,-,,Uasin-Gishu,2005-09-30
Banana (Ripening),-,-,-,Nairobi Wakulima,25.00/Kg,-,,Nairobi,2005-09-29
Banana (Ripening),-,-,-,Kongowea,21.43/Kg,-,,Mombasa,2005-09-29
Banana (Ripening),-,-,-,Nakuru Wakulima,27.14/Kg,-,,Nakuru,2005-09-29
Banana (Ripening),-,-,-,Karatina,10.71/Kg,-,,Nyeri,2005-09-29
Banana (Ripening),-,-,-,Eldoret Main,17.86/Kg,-,,Uasin-Gishu,2005-09-29
Banana (Ripening),-,-,-,Nairobi Wakulima,28.57/Kg,-,,Nairobi,2005-09-28
Banana (Ripening),-,-,-,Kongowea,22.50/Kg,-,,Mombasa,2005-09-28
Banana (Ripening),-,-,-,Nakuru Wakulima,28.57/Kg,-,,Nakuru,2005-09-28
Banana (Ripening),-,-,-,Karatina,10.71/Kg,-,,Nyeri,2005-09-28
Banana (Ripening),-,-,-,Eldoret Main,17.86/Kg,-,,Uasin-Gishu,2005-09-28
Banana (Ripening),-,-,-,Nairobi Wakulima,28.57/Kg,-,,Nairobi,2005-09-26
Banana (Ripening),-,-,-,Kongowea,22.50/Kg,-,,Mombasa,2005-09-26
Banana (Ripening),-,-,-,Nakuru Wakulima,28.57/Kg,-,,Nakuru,2005-09-26
Banana (Ripening),-,-,-,Karatina,10.71/Kg,-,,Nyeri,2005-09-26
Banana (Ripening),-,-,-,Eldoret Main,17.86/Kg,-,,Uasin-Gishu,2005-09-26
Banana (Ripening),-,-,-,Nairobi Wakulima,25.00/Kg,-,,Nairobi,2005-09-23
Banana (Ripening),-,-,-,Kongowea,25.00/Kg,-,,Mombasa,2005-09-23
Banana (Ripening),-,-,-,Nakuru Wakulima,26.43/Kg,-,,Nakuru,2005-09-23
Banana (Ripening),-,-,-,Karatina,10.71/Kg,-,,Nyeri,2005-09-23
Banana (Ripening),-,-,-,Eldoret Main,17.86/Kg,-,,Uasin-Gishu,2005-09-23
Banana (Ripening),-,-,-,Nairobi Wakulima,25.00/Kg,-,,Nairobi,2005-09-22
Banana (Ripening),-,-,-,Kongowea,25.00/Kg,-,,Mombasa,2005-09-22
Banana (Ripening),-,-,-,Nakuru Wakulima,26.43/Kg,-,,Nakuru,2005-09-22
Banana (Ripening),-,-,-,Karatina,10.71/Kg,-,,Nyeri,2005-09-22
Banana (Ripening),-,-,-,Eldoret Main,17.86/Kg,-,,Uasin-Gishu,2005-09-22
Banana (Ripening),-,-,-,Nairobi Wakulima,25.00/Kg,-,,Nairobi,2005-09-21
Banana (Ripening),-,-,-,Kongowea,21.43/Kg,-,,Mombasa,2005-09-21
Banana (Ripening),-,-,-,Nakuru Wakulima,25.71/Kg,-,,Nakuru,2005-09-21
Banana (Ripening),-,-,-,Karatina,14.29/Kg,-,,Nyeri,2005-09-21
Banana (Ripening),-,-,-,Eldoret Main,17.86/Kg,-,,Uasin-Gishu,2005-09-21
Banana (Ripening),-,-,-,Nairobi Wakulima,25.00/Kg,-,,Nairobi,2005-09-20
Banana (Ripening),-,-,-,Kongowea,25.00/Kg,-,,Mombasa,2005-09-20
Banana (Ripening),-,-,-,Nakuru Wakulima,25.71/Kg,-,,Nakuru,2005-09-20
Banana (Ripening),-,-,-,Karatina,14.29/Kg,-,,Nyeri,2005-09-20
Banana (Ripening),-,-,-,Eldoret Main,17.86/Kg,-,,Uasin-Gishu,2005-09-20
Banana (Ripening),-,-,-,Nairobi Wakulima,25.00/Kg,-,,Nairobi,2005-09-19
Banana (Ripening),-,-,-,Kongowea,25.00/Kg,-,,Mombasa,2005-09-19
Banana (Ripening),-,-,-,Nakuru Wakulima,27.14/Kg,-,,Nakuru,2005-09-19
Banana (Ripening),-,-,-,Eldoret Main,17.86/Kg,-,,Uasin-Gishu,2005-09-19
Banana (Ripening),-,-,-,Nairobi Wakulima,25.00/Kg,-,,Nairobi,2005-09-16
Banana (Ripening),-,-,-,Kongowea,25.00/Kg,-,,Mombasa,2005-09-16
Banana (Ripening),-,-,-,Karatina,17.86/Kg,-,,Nyeri,2005-09-16
Banana (Ripening),-,-,-,Nakuru Wakulima,27.14/Kg,-,,Nakuru,2005-09-16
Banana (Ripening),-,-,-,Eldoret Main,17.86/Kg,-,,Uasin-Gishu,2005-09-16
Banana (Ripening),-,-,-,Nairobi Wakulima,25.00/Kg,-,,Nairobi,2005-09-15
Banana (Ripening),-,-,-,Kongowea,25.00/Kg,-,,Mombasa,2005-09-15
Banana (Ripening),-,-,-,Karatina,17.86/Kg,-,,Nyeri,2005-09-15
Banana (Ripening),-,-,-,Nakuru Wakulima,27.14/Kg,-,,Nakuru,2005-09-15
Banana (Ripening),-,-,-,Eldoret Main,17.86/Kg,-,,Uasin-Gishu,2005-09-15
Banana (Ripening),-,-,-,Nairobi Wakulima,25.00/Kg,-,,Nairobi,2005-09-14
Banana (Ripening),-,-,-,Kongowea,21.43/Kg,-,,Mombasa,2005-09-14
Banana (Ripening),-,-,-,Karatina,17.14/Kg,-,,Nyeri,2005-09-14
Banana (Ripening),-,-,-,Nakuru Wakulima,27.14/Kg,-,,Nakuru,2005-09-14
Banana (Ripening),-,-,-,Eldoret Main,17.86/Kg,-,,Uasin-Gishu,2005-09-14
Banana (Ripening),-,-,-,Nairobi Wakulima,28.57/Kg,-,,Nairobi,2005-09-13
Banana (Ripening),-,-,-,Kongowea,18.21/Kg,-,,Mombasa,2005-09-13
Banana (Ripening),-,-,-,Karatina,17.14/Kg,-,,Nyeri,2005-09-13
Banana (Ripening),-,-,-,Nakuru Wakulima,27.14/Kg,-,,Nakuru,2005-09-13
Banana (Ripening),-,-,-,Eldoret Main,17.86/Kg,-,,Uasin-Gishu,2005-09-13
Banana (Ripening),-,-,-,Nairobi Wakulima,25.00/Kg,-,,Nairobi,2005-09-12
Banana (Ripening),-,-,-,Kongowea,21.43/Kg,-,,Mombasa,2005-09-12
Banana (Ripening),-,-,-,Karatina,17.14/Kg,-,,Nyeri,2005-09-12
Banana (Ripening),-,-,-,Nakuru Wakulima,12.14/Kg,-,,Nakuru,2005-09-12
Banana (Ripening),-,-,-,Eldoret Main,17.86/Kg,-,,Uasin-Gishu,2005-09-12
Banana (Ripening),-,-,-,Nairobi Wakulima,27.14/Kg,-,,Nairobi,2005-09-08
Banana (Ripening),-,-,-,Kongowea,17.50/Kg,-,,Mombasa,2005-09-08
Banana (Ripening),-,-,-,Eldoret Main,17.86/Kg,-,,Uasin-Gishu,2005-09-08
Banana (Ripening),-,-,-,Taveta,10.00/Kg,-,,Taita-Taveta,2005-09-08
Banana (Ripening),-,-,-,Karatina,13.57/Kg,-,,Nyeri,2005-09-08
Banana (Ripening),-,-,-,Nairobi Wakulima,25.00/Kg,-,,Nairobi,2005-09-07
Banana (Ripening),-,-,-,Kongowea,25.00/Kg,-,,Mombasa,2005-09-07
Banana (Ripening),-,-,-,Eldoret Main,17.86/Kg,-,,Uasin-Gishu,2005-09-07
Banana (Ripening),-,-,-,Taveta,14.29/Kg,-,,Taita-Taveta,2005-09-07
Banana (Ripening),-,-,-,Nairobi Wakulima,25.00/Kg,-,,Nairobi,2005-09-06
Banana (Ripening),-,-,-,Kongowea,25.00/Kg,-,,Mombasa,2005-09-06
Banana (Ripening),-,-,-,Karatina,14.29/Kg,-,,Nyeri,2005-09-06
Banana (Ripening),-,-,-,Nairobi Wakulima,25.00/Kg,-,,Nairobi,2005-09-05
Banana (Ripening),-,-,-,Kongowea,25.71/Kg,-,,Mombasa,2005-09-05
Banana (Ripening),-,-,-,Nakuru Wakulima,11.43/Kg,-,,Nakuru,2005-09-05
Banana (Ripening),-,-,-,Karatina,12.86/Kg,-,,Nyeri,2005-09-05
Banana (Ripening),-,-,-,Eldoret Main,17.86/Kg,-,,Uasin-Gishu,2005-09-05
Banana (Ripening),-,-,-,Nairobi Wakulima,25.00/Kg,-,,Nairobi,2005-09-02
Banana (Ripening),-,-,-,Kongowea,25.71/Kg,-,,Mombasa,2005-09-02
Banana (Ripening),-,-,-,Nakuru Wakulima,11.43/Kg,-,,Nakuru,2005-09-02
Banana (Ripening),-,-,-,Karatina,12.86/Kg,-,,Nyeri,2005-09-02
Banana (Ripening),-,-,-,Nairobi Wakulima,25.00/Kg,-,,Nairobi,2005-09-01
Banana (Ripening),-,-,-,Kongowea,25.71/Kg,-,,Mombasa,2005-09-01
Banana (Ripening),-,-,-,Nakuru Wakulima,11.43/Kg,-,,Nakuru,2005-09-01
Banana (Ripening),-,-,-,Karatina,12.86/Kg,-,,Nyeri,2005-09-01
Banana (Ripening),-,-,-,Nairobi Wakulima,25.00/Kg,-,,Nairobi,2005-08-31
Banana (Ripening),-,-,-,Taveta,14.29/Kg,-,,Taita-Taveta,2005-08-31
Banana (Ripening),-,-,-,Taveta,14.29/Kg,-,,Taita-Taveta,2005-08-31
Banana (Ripening),-,-,-,Kongowea,17.86/Kg,-,,Mombasa,2005-08-31
Banana (Ripening),-,-,-,Nakuru Wakulima,27.14/Kg,-,,Nakuru,2005-08-31
Banana (Ripening),-,-,-,Busia Market,14.29/Kg,-,,Busia,2005-08-31
Banana (Ripening),-,-,-,Eldoret Main,17.86/Kg,-,,Uasin-Gishu,2005-08-31
Banana (Ripening),-,-,-,Karatina,10.00/Kg,-,,Nyeri,2005-08-31
Banana (Ripening),-,-,-,Nairobi Wakulima,25.00/Kg,-,,Nairobi,2005-08-30
Banana (Ripening),-,-,-,Kongowea,17.86/Kg,-,,Mombasa,2005-08-30
Banana (Ripening),-,-,-,Nakuru Wakulima,27.14/Kg,-,,Nakuru,2005-08-30
Banana (Ripening),-,-,-,Busia Market,14.29/Kg,-,,Busia,2005-08-30
Banana (Ripening),-,-,-,Eldoret Main,17.86/Kg,-,,Uasin-Gishu,2005-08-30
Banana (Ripening),-,-,-,Karatina,10.00/Kg,-,,Nyeri,2005-08-30
Banana (Ripening),-,-,-,Nairobi Wakulima,25.00/Kg,-,,Nairobi,2005-08-29
Banana (Ripening),-,-,-,Kongowea,17.14/Kg,-,,Mombasa,2005-08-29
Banana (Ripening),-,-,-,Nakuru Wakulima,11.43/Kg,-,,Nakuru,2005-08-29
Banana (Ripening),-,-,-,Busia Market,14.29/Kg,-,,Busia,2005-08-29
Banana (Ripening),-,-,-,Eldoret Main,17.86/Kg,-,,Uasin-Gishu,2005-08-29
Banana (Ripening),-,-,-,Nairobi Wakulima,25.00/Kg,-,,Nairobi,2005-08-26
Banana (Ripening),-,-,-,Kongowea,25.00/Kg,-,,Mombasa,2005-08-26
Banana (Ripening),-,-,-,Nakuru Wakulima,27.14/Kg,-,,Nakuru,2005-08-26
Banana (Ripening),-,-,-,Busia Market,14.29/Kg,-,,Busia,2005-08-26
Banana (Ripening),-,-,-,Eldoret Main,17.86/Kg,-,,Uasin-Gishu,2005-08-26
Banana (Ripening),-,-,-,Nairobi Wakulima,21.43/Kg,-,,Nairobi,2005-08-25
Banana (Ripening),-,-,-,Kongowea,28.57/Kg,-,,Mombasa,2005-08-25
Banana (Ripening),-,-,-,Busia Market,12.86/Kg,-,,Busia,2005-08-25
Banana (Ripening),-,-,-,Eldoret Main,17.86/Kg,-,,Uasin-Gishu,2005-08-25
Banana (Ripening),-,-,-,Nairobi Wakulima,21.43/Kg,-,,Nairobi,2005-08-24
Banana (Ripening),-,-,-,Nakuru Wakulima,10.71/Kg,-,,Nakuru,2005-08-24
Banana (Ripening),-,-,-,Karatina,12.14/Kg,-,,Nyeri,2005-08-24
Banana (Ripening),-,-,-,Eldoret Main,17.86/Kg,-,,Uasin-Gishu,2005-08-24
Banana (Ripening),-,-,-,Kongowea,16.43/Kg,-,,Mombasa,2005-08-22
Banana (Ripening),-,-,-,Nairobi Wakulima,25.00/Kg,-,,Nairobi,2005-08-22
Banana (Ripening),-,-,-,Nakuru Wakulima,10.71/Kg,-,,Nakuru,2005-08-22
Banana (Ripening),-,-,-,Karatina,10.00/Kg,-,,Nyeri,2005-08-22
Banana (Ripening),-,-,-,Eldoret Main,17.86/Kg,-,,Uasin-Gishu,2005-08-22
Banana (Ripening),-,-,-,Kongowea,14.29/Kg,-,,Mombasa,2005-08-18
Banana (Ripening),-,-,-,Busia Market,12.86/Kg,-,,Busia,2005-08-18
Banana (Ripening),-,-,-,Nairobi Wakulima,25.00/Kg,-,,Nairobi,2005-08-18
Banana (Ripening),-,-,-,Nakuru Wakulima,11.43/Kg,-,,Nakuru,2005-08-18
Banana (Ripening),-,-,-,Eldoret Main,21.43/Kg,-,,Uasin-Gishu,2005-08-18
Banana (Ripening),-,-,-,Kongowea,15.71/Kg,-,,Mombasa,2005-08-17
Banana (Ripening),-,-,-,Nairobi Wakulima,25.00/Kg,-,,Nairobi,2005-08-17
Banana (Ripening),-,-,-,Nakuru Wakulima,11.43/Kg,-,,Nakuru,2005-08-17
Banana (Ripening),-,-,-,Eldoret Main,21.43/Kg,-,,Uasin-Gishu,2005-08-17
Banana (Ripening),-,-,-,Busia Market,12.86/Kg,-,,Busia,2005-08-17
Banana (Ripening),-,-,-,Nairobi Wakulima,25.00/Kg,-,,Nairobi,2005-08-16
Banana (Ripening),-,-,-,Nakuru Wakulima,11.43/Kg,-,,Nakuru,2005-08-16
Banana (Ripening),-,-,-,Kongowea,25.00/Kg,-,,Mombasa,2005-08-16
Banana (Ripening),-,-,-,Eldoret Main,21.43/Kg,-,,Uasin-Gishu,2005-08-16
Banana (Ripening),-,-,-,Nairobi Wakulima,25.00/Kg,-,,Nairobi,2005-08-15
Banana (Ripening),-,-,-,Kongowea,17.50/Kg,-,,Mombasa,2005-08-15
Banana (Ripening),-,-,-,Nakuru Wakulima,10.71/Kg,-,,Nakuru,2005-08-15
Banana (Ripening),-,-,-,Eldoret Main,21.43/Kg,-,,Uasin-Gishu,2005-08-15
Banana (Ripening),-,-,-,Busia Market,12.86/Kg,-,,Busia,2005-08-15
Banana (Ripening),-,-,-,Nairobi Wakulima,25.00/Kg,-,,Nairobi,2005-08-12
Banana (Ripening),-,-,-,Kongowea,18.93/Kg,-,,Mombasa,2005-08-12
Banana (Ripening),-,-,-,Nakuru Wakulima,10.71/Kg,-,,Nakuru,2005-08-12
Banana (Ripening),-,-,-,Eldoret Main,20.00/Kg,-,,Uasin-Gishu,2005-08-12
Banana (Ripening),-,-,-,Busia Market,12.86/Kg,-,,Busia,2005-08-12
Banana (Ripening),-,-,-,Nairobi Wakulima,25.00/Kg,-,,Nairobi,2005-08-11
Banana (Ripening),-,-,-,Kongowea,21.43/Kg,-,,Mombasa,2005-08-11
Banana (Ripening),-,-,-,Nakuru Wakulima,10.71/Kg,-,,Nakuru,2005-08-11
Banana (Ripening),-,-,-,Eldoret Main,17.86/Kg,-,,Uasin-Gishu,2005-08-11
Banana (Ripening),-,-,-,Karatina,10.71/Kg,-,,Nyeri,2005-08-11
Banana (Ripening),-,-,-,Nairobi Wakulima,25.00/Kg,-,,Nairobi,2005-08-10
Banana (Ripening),-,-,-,Kongowea,21.43/Kg,-,,Mombasa,2005-08-10
Banana (Ripening),-,-,-,Nakuru Wakulima,10.71/Kg,-,,Nakuru,2005-08-10
Banana (Ripening),-,-,-,Eldoret Main,17.86/Kg,-,,Uasin-Gishu,2005-08-10
Banana (Ripening),-,-,-,Nairobi Wakulima,28.57/Kg,-,,Nairobi,2005-08-08
Banana (Ripening),-,-,-,Kongowea,17.50/Kg,-,,Mombasa,2005-08-08
Banana (Ripening),-,-,-,Eldoret Main,17.86/Kg,-,,Uasin-Gishu,2005-08-08
Banana (Ripening),-,-,-,Busia Market,12.86/Kg,-,,Busia,2005-08-08
Banana (Ripening),-,-,-,Nairobi Wakulima,28.57/Kg,-,,Nairobi,2005-08-05
Banana (Ripening),-,-,-,Kongowea,16.79/Kg,-,,Mombasa,2005-08-05
Banana (Ripening),-,-,-,Eldoret Main,17.86/Kg,-,,Uasin-Gishu,2005-08-05
Banana (Ripening),-,-,-,Busia Market,12.86/Kg,-,,Busia,2005-08-05
Banana (Ripening),-,-,-,Nairobi Wakulima,28.57/Kg,-,,Nairobi,2005-08-04
Banana (Ripening),-,-,-,Kongowea,17.14/Kg,-,,Mombasa,2005-08-04
Banana (Ripening),-,-,-,Eldoret Main,17.86/Kg,-,,Uasin-Gishu,2005-08-04
Banana (Ripening),-,-,-,Busia Market,12.86/Kg,-,,Busia,2005-08-04
Banana (Ripening),-,-,-,Nairobi Wakulima,28.57/Kg,-,,Nairobi,2005-08-03
Banana (Ripening),-,-,-,Kongowea,17.50/Kg,-,,Mombasa,2005-08-03
Banana (Ripening),-,-,-,Nakuru Wakulima,11.43/Kg,-,,Nakuru,2005-08-03
Banana (Ripening),-,-,-,Chwele,12.86/Kg,-,,Bungoma,2005-08-03
Banana (Ripening),-,-,-,Nairobi Wakulima,28.57/Kg,-,,Nairobi,2005-08-02
Banana (Ripening),-,-,-,Kongowea,17.50/Kg,-,,Mombasa,2005-08-02
Banana (Ripening),-,-,-,Nakuru Wakulima,11.43/Kg,-,,Nakuru,2005-08-02
Banana (Ripening),-,-,-,Eldoret Main,17.86/Kg,-,,Uasin-Gishu,2005-08-02
Banana (Ripening),-,-,-,Chwele,12.86/Kg,-,,Bungoma,2005-08-02
Banana (Ripening),-,-,-,Wath Ong'er,10.71/Kg,-,,Migori,2005-08-02
Banana (Ripening),-,-,-,Busia Market,12.86/Kg,-,,Busia,2005-08-02
Banana (Ripening),-,-,-,Nairobi Wakulima,28.57/Kg,-,,Nairobi,2005-08-01
Banana (Ripening),-,-,-,Kongowea,17.50/Kg,-,,Mombasa,2005-08-01
Banana (Ripening),-,-,-,Nakuru Wakulima,11.43/Kg,-,,Nakuru,2005-08-01
Banana (Ripening),-,-,-,Eldoret Main,17.86/Kg,-,,Uasin-Gishu,2005-08-01
Banana (Ripening),-,-,-,Karatina,14.29/Kg,-,,Nyeri,2005-08-01
Banana (Ripening),-,-,-,Nairobi Wakulima,28.57/Kg,-,,Nairobi,2005-08-01
Banana (Ripening),-,-,-,Kongowea,17.50/Kg,-,,Mombasa,2005-08-01
Banana (Ripening),-,-,-,Nakuru Wakulima,11.43/Kg,-,,Nakuru,2005-08-01
Banana (Ripening),-,-,-,Eldoret Main,17.86/Kg,-,,Uasin-Gishu,2005-08-01
Banana (Ripening),-,-,-,Karatina,14.29/Kg,-,,Nyeri,2005-08-01
Banana (Ripening),-,-,-,Nairobi Wakulima,28.57/Kg,-,,Nairobi,2005-07-29
Banana (Ripening),-,-,-,Kongowea,17.50/Kg,-,,Mombasa,2005-07-29
Banana (Ripening),-,-,-,Nakuru Wakulima,10.71/Kg,-,,Nakuru,2005-07-29
Banana (Ripening),-,-,-,Karatina,14.29/Kg,-,,Nyeri,2005-07-29
Banana (Ripening),-,-,-,Eldoret Main,17.86/Kg,-,,Uasin-Gishu,2005-07-29
Banana (Ripening),-,-,-,Nairobi Wakulima,28.57/Kg,-,,Nairobi,2005-07-28
Banana (Ripening),-,-,-,Kongowea,17.50/Kg,-,,Mombasa,2005-07-28
Banana (Ripening),-,-,-,Nakuru Wakulima,10.00/Kg,-,,Nakuru,2005-07-28
Banana (Ripening),-,-,-,Karatina,14.29/Kg,-,,Nyeri,2005-07-28
Banana (Ripening),-,-,-,Busia Market,12.86/Kg,-,,Busia,2005-07-28
Banana (Ripening),-,-,-,Nairobi Wakulima,28.57/Kg,-,,Nairobi,2005-07-27
Banana (Ripening),-,-,-,Kongowea,15.71/Kg,-,,Mombasa,2005-07-27
Banana (Ripening),-,-,-,Nakuru Wakulima,10.00/Kg,-,,Nakuru,2005-07-27
Banana (Ripening),-,-,-,Eldoret Main,17.86/Kg,-,,Uasin-Gishu,2005-07-27
Banana (Ripening),-,-,-,Taveta,14.29/Kg,-,,Taita-Taveta,2005-07-27
Banana (Ripening),-,-,-,Nairobi Wakulima,28.57/Kg,-,,Nairobi,2005-07-26
Banana (Ripening),-,-,-,Kongowea,18.21/Kg,-,,Mombasa,2005-07-26
Banana (Ripening),-,-,-,Eldoret Main,17.86/Kg,-,,Uasin-Gishu,2005-07-26
Banana (Ripening),-,-,-,Karatina,12.86/Kg,-,,Nyeri,2005-07-26
Banana (Ripening),-,-,-,Nairobi Wakulima,28.57/Kg,-,,Nairobi,2005-07-25
Banana (Ripening),-,-,-,Kongowea,18.21/Kg,-,,Mombasa,2005-07-25
Banana (Ripening),-,-,-,Busia Market,12.86/Kg,-,,Busia,2005-07-25
Banana (Ripening),-,-,-,Eldoret Main,17.86/Kg,-,,Uasin-Gishu,2005-07-25
Banana (Ripening),-,-,-,Nakuru Wakulima,10.71/Kg,-,,Nakuru,2005-07-25
Banana (Ripening),-,-,-,Nairobi Wakulima,28.57/Kg,-,,Nairobi,2005-07-21
Banana (Ripening),-,-,-,Kongowea,20.00/Kg,-,,Mombasa,2005-07-21
Banana (Ripening),-,-,-,Busia Market,12.14/Kg,-,,Busia,2005-07-21
Banana (Ripening),-,-,-,Chwele,14.29/Kg,-,,Bungoma,2005-07-21
Banana (Ripening),-,-,-,Eldoret Main,17.86/Kg,-,,Uasin-Gishu,2005-07-21
Banana (Ripening),-,-,-,Nairobi Wakulima,28.57/Kg,-,,Nairobi,2005-07-15
Banana (Ripening),-,-,-,Kongowea,18.21/Kg,-,,Mombasa,2005-07-15
Banana (Ripening),-,-,-,Busia Market,13.57/Kg,-,,Busia,2005-07-15
Banana (Ripening),-,-,-,Nakuru Wakulima,26.43/Kg,-,,Nakuru,2005-07-15
Banana (Ripening),-,-,-,Karatina,10.71/Kg,-,,Nyeri,2005-07-15
Banana (Ripening),-,-,-,Nairobi Wakulima,28.57/Kg,-,,Nairobi,2005-07-14
Banana (Ripening),-,-,-,Kongowea,21.43/Kg,-,,Mombasa,2005-07-14
Banana (Ripening),-,-,-,Busia Market,13.57/Kg,-,,Busia,2005-07-14
Banana (Ripening),-,-,-,Nakuru Wakulima,26.43/Kg,-,,Nakuru,2005-07-14
Banana (Ripening),-,-,-,Karatina,10.71/Kg,-,,Nyeri,2005-07-14
Banana (Ripening),-,-,-,Nairobi Wakulima,28.57/Kg,-,,Nairobi,2005-07-13
Banana (Ripening),-,-,-,Kongowea,21.43/Kg,-,,Mombasa,2005-07-13
Banana (Ripening),-,-,-,Nakuru Wakulima,10.00/Kg,-,,Nakuru,2005-07-13
Banana (Ripening),-,-,-,Karatina,12.86/Kg,-,,Nyeri,2005-07-13
Banana (Ripening),-,-,-,Nairobi Wakulima,28.57/Kg,-,,Nairobi,2005-07-11
Banana (Ripening),-,-,-,Kongowea,21.43/Kg,-,,Mombasa,2005-07-11
Banana (Ripening),-,-,-,Eldoret Main,26.43/Kg,-,,Uasin-Gishu,2005-07-11
Banana (Ripening),-,-,-,Busia Market,14.29/Kg,-,,Busia,2005-07-11
Banana (Ripening),-,-,-,Nairobi Wakulima,30.00/Kg,-,,Nairobi,2005-07-06
Banana (Ripening),-,-,-,Kongowea,22.14/Kg,-,,Mombasa,2005-07-06
Banana (Ripening),-,-,-,Eldoret Main,17.86/Kg,-,,Uasin-Gishu,2005-07-06
Banana (Ripening),-,-,-,Nairobi Wakulima,28.57/Kg,-,,Nairobi,2005-07-01
Banana (Ripening),-,-,-,Kongowea,21.43/Kg,-,,Mombasa,2005-07-01
Banana (Ripening),-,-,-,Nakuru Wakulima,26.43/Kg,-,,Nakuru,2005-07-01
Banana (Ripening),-,-,-,Eldoret Main,17.86/Kg,-,,Uasin-Gishu,2005-07-01
Banana (Ripening),-,-,-,Taveta,14.29/Kg,-,,Taita-Taveta,2005-07-01
Banana (Ripening),-,-,-,Nairobi Wakulima,28.57/Kg,-,,Nairobi,2005-06-29
Banana (Ripening),-,-,-,Kongowea,21.43/Kg,-,,Mombasa,2005-06-29
Banana (Ripening),-,-,-,Nakuru Wakulima,10.00/Kg,-,,Nakuru,2005-06-29
Banana (Ripening),-,-,-,Chwele,14.29/Kg,-,,Bungoma,2005-06-29
Banana (Ripening),-,-,-,Nairobi Wakulima,28.57/Kg,-,,Nairobi,2005-06-16
Banana (Ripening),-,-,-,Kongowea,18.21/Kg,-,,Mombasa,2005-06-16
Banana (Ripening),-,-,-,Nakuru Wakulima,10.00/Kg,-,,Nakuru,2005-06-16
Banana (Ripening),-,-,-,Taveta,14.29/Kg,-,,Taita-Taveta,2005-06-16
Banana (Ripening),-,-,-,Nairobi Wakulima,28.57/Kg,-,,Nairobi,2005-06-15
Banana (Ripening),-,-,-,Kongowea,18.21/Kg,-,,Mombasa,2005-06-15
Banana (Ripening),-,-,-,Nakuru Wakulima,10.00/Kg,-,,Nakuru,2005-06-15
Banana (Ripening),-,-,-,Wath Ong'er,10.71/Kg,-,,Migori,2005-06-15
Banana (Ripening),-,-,-,Taveta,14.29/Kg,-,,Taita-Taveta,2005-06-15
Banana (Ripening),-,-,-,Nairobi Wakulima,28.57/Kg,-,,Nairobi,2005-06-14
Banana (Ripening),-,-,-,Kongowea,21.43/Kg,-,,Mombasa,2005-06-14
Banana (Ripening),-,-,-,Nakuru Wakulima,25.71/Kg,-,,Nakuru,2005-06-14
Banana (Ripening),-,-,-,Chwele,14.29/Kg,-,,Bungoma,2005-06-14
Banana (Ripening),-,-,-,Loitoktok Market,20.00/Kg,-,,Kajiado,2005-06-14
Banana (Ripening),-,-,-,Bondo,21.43/Kg,-,,Siaya,2005-06-14
Banana (Ripening),-,-,-,Nairobi Wakulima,25.00/Kg,-,,Nairobi,2005-06-13
Banana (Ripening),-,-,-,Kongowea,17.50/Kg,-,,Mombasa,2005-06-13
Banana (Ripening),-,-,-,Nakuru Wakulima,10.71/Kg,-,,Nakuru,2005-06-13
Banana (Ripening),-,-,-,Chwele,14.29/Kg,-,,Bungoma,2005-06-13
Banana (Ripening),-,-,-,Busia Market,14.29/Kg,-,,Busia,2005-06-13
Banana (Ripening),-,-,-,Gakoromone,9.29/Kg,-,,Meru,2005-06-13
Banana (Ripening),-,-,-,Nairobi Wakulima,28.57/Kg,-,,Nairobi,2005-06-10
Banana (Ripening),-,-,-,Kongowea,24.64/Kg,-,,Mombasa,2005-06-10
Banana (Ripening),-,-,-,Eldoret Main,17.86/Kg,-,,Uasin-Gishu,2005-06-10
Banana (Ripening),-,-,-,Gakoromone,25.71/Kg,-,,Meru,2005-06-10
Banana (Ripening),-,-,-,Chwele,14.29/Kg,-,,Bungoma,2005-06-10
Banana (Ripening),-,-,-,Nairobi Wakulima,28.57/Kg,-,,Nairobi,2005-06-09
Banana (Ripening),-,-,-,Kongowea,15.71/Kg,-,,Mombasa,2005-06-09
Banana (Ripening),-,-,-,Nakuru Wakulima,27.14/Kg,-,,Nakuru,2005-06-09
Banana (Ripening),-,-,-,Chwele,14.29/Kg,-,,Bungoma,2005-06-09
Banana (Ripening),-,-,-,Eldoret Main,17.86/Kg,-,,Uasin-Gishu,2005-06-09
Banana (Ripening),-,-,-,Karatina,12.86/Kg,-,,Nyeri,2005-06-09
Banana (Ripening),-,-,-,Nairobi Wakulima,25.00/Kg,-,,Nairobi,2005-06-08
Banana (Ripening),-,-,-,Kongowea,18.21/Kg,-,,Mombasa,2005-06-08
Banana (Ripening),-,-,-,Nakuru Wakulima,11.43/Kg,-,,Nakuru,2005-06-08
Banana (Ripening),-,-,-,Chwele,14.29/Kg,-,,Bungoma,2005-06-08
Banana (Ripening),-,-,-,Eldoret Main,15.71/Kg,-,,Uasin-Gishu,2005-06-08
Banana (Ripening),-,-,-,Nairobi Wakulima,25.00/Kg,-,,Nairobi,2005-06-07
Banana (Ripening),-,-,-,Kongowea,21.79/Kg,-,,Mombasa,2005-06-07
Banana (Ripening),-,-,-,Nakuru Wakulima,27.14/Kg,-,,Nakuru,2005-06-07
Banana (Ripening),-,-,-,Chwele,14.29/Kg,-,,Bungoma,2005-06-07
Banana (Ripening),-,-,-,Loitoktok Market,21.43/Kg,-,,Kajiado,2005-06-07
Banana (Ripening),-,-,-,Karatina,14.29/Kg,-,,Nyeri,2005-06-07
Banana (Ripening),-,-,-,Nairobi Wakulima,25.00/Kg,-,,Nairobi,2005-06-06
Banana (Ripening),-,-,-,Kongowea,22.14/Kg,-,,Mombasa,2005-06-06
Banana (Ripening),-,-,-,Nakuru Wakulima,11.43/Kg,-,,Nakuru,2005-06-06
Banana (Ripening),-,-,-,Chwele,14.29/Kg,-,,Bungoma,2005-06-06
Banana (Ripening),-,-,-,Gakoromone,10.71/Kg,-,,Meru,2005-06-06
Banana (Ripening),-,-,-,Bondo,28.57/Kg,-,,Siaya,2005-06-06
Banana (Ripening),-,-,-,Nairobi Wakulima,26.43/Kg,-,,Nairobi,2005-06-03
Banana (Ripening),-,-,-,Kongowea,14.29/Kg,-,,Mombasa,2005-06-03
Banana (Ripening),-,-,-,Nakuru Wakulima,11.43/Kg,-,,Nakuru,2005-06-03
Banana (Ripening),-,-,-,Kibuye,14.29/Kg,-,,Kisumu,2005-06-03
Banana (Ripening),-,-,-,Shamakhokho,42.86/Kg,-,,Vihiga,2005-06-03
Banana (Ripening),-,-,-,Nairobi Wakulima,25.71/Kg,-,,Nairobi,2005-06-02
Banana (Ripening),-,-,-,Kongowea,27.14/Kg,-,,Mombasa,2005-06-02
Banana (Ripening),-,-,-,Nakuru Wakulima,11.43/Kg,-,,Nakuru,2005-06-02
Banana (Ripening),-,-,-,Nairobi Wakulima,25.00/Kg,-,,Nairobi,2005-05-28
Banana (Ripening),-,-,-,Kongowea,25.00/Kg,-,,Mombasa,2005-05-28
Banana (Ripening),-,-,-,Kibuye,12.86/Kg,-,,Kisumu,2005-05-28
Banana (Ripening),-,-,-,Nakuru Wakulima,26.43/Kg,-,,Nakuru,2005-05-28
Banana (Ripening),-,-,-,Chwele,11.43/Kg,-,,Bungoma,2005-05-28
Banana (Ripening),-,-,-,Wath Ong'er,10.71/Kg,-,,Migori,2005-05-28
Banana (Ripening),-,-,-,Eldoret Main,16.43/Kg,-,,Uasin-Gishu,2005-05-28
Banana (Ripening),-,-,-,Gakoromone,10.71/Kg,-,,Meru,2005-05-28
Banana (Ripening),-,-,-,Nairobi Wakulima,28.57/Kg,-,,Nairobi,2005-05-20
Banana (Ripening),-,-,-,Kongowea,18.21/Kg,-,,Mombasa,2005-05-20
Banana (Ripening),-,-,-,Nakuru Wakulima,10.71/Kg,-,,Nakuru,2005-05-20
Banana (Ripening),-,-,-,Kibuye,14.29/Kg,-,,Kisumu,2005-05-20
Banana (Ripening),-,-,-,Chwele,14.29/Kg,-,,Bungoma,2005-05-20
Banana (Ripening),-,-,-,Gakoromone,12.86/Kg,-,,Meru,2005-05-20
Banana (Ripening),-,-,-,Busia Market,14.29/Kg,-,,Busia,2005-05-20
Banana (Ripening),-,-,-,Nairobi Wakulima,28.57/Kg,-,,Nairobi,2005-05-20
Banana (Ripening),-,-,-,Kongowea,18.21/Kg,-,,Mombasa,2005-05-20
Banana (Ripening),-,-,-,Nakuru Wakulima,10.71/Kg,-,,Nakuru,2005-05-20
Banana (Ripening),-,-,-,Kibuye,14.29/Kg,-,,Kisumu,2005-05-20
Banana (Ripening),-,-,-,Chwele,14.29/Kg,-,,Bungoma,2005-05-20
Banana (Ripening),-,-,-,Gakoromone,12.86/Kg,-,,Meru,2005-05-20
Banana (Ripening),-,-,-,Busia Market,14.29/Kg,-,,Busia,2005-05-20
Banana (Ripening),-,-,-,Nairobi Wakulima,28.57/Kg,-,,Nairobi,2005-05-20
Banana (Ripening),-,-,-,Kongowea,18.21/Kg,-,,Mombasa,2005-05-20
Banana (Ripening),-,-,-,Nakuru Wakulima,10.71/Kg,-,,Nakuru,2005-05-20
Banana (Ripening),-,-,-,Kibuye,14.29/Kg,-,,Kisumu,2005-05-20
Banana (Ripening),-,-,-,Chwele,14.29/Kg,-,,Bungoma,2005-05-20
Banana (Ripening),-,-,-,Gakoromone,12.86/Kg,-,,Meru,2005-05-20
Banana (Ripening),-,-,-,Busia Market,14.29/Kg,-,,Busia,2005-05-20
Banana (Ripening),-,-,-,Nairobi Wakulima,28.57/Kg,-,,Nairobi,2005-05-20
Banana (Ripening),-,-,-,Kongowea,18.21/Kg,-,,Mombasa,2005-05-20
Banana (Ripening),-,-,-,Nakuru Wakulima,10.71/Kg,-,,Nakuru,2005-05-20
Banana (Ripening),-,-,-,Kibuye,14.29/Kg,-,,Kisumu,2005-05-20
Banana (Ripening),-,-,-,Chwele,14.29/Kg,-,,Bungoma,2005-05-20
Banana (Ripening),-,-,-,Gakoromone,12.86/Kg,-,,Meru,2005-05-20
Banana (Ripening),-,-,-,Busia Market,14.29/Kg,-,,Busia,2005-05-20
Banana (Ripening),-,-,-,Nairobi Wakulima,28.57/Kg,-,,Nairobi,2005-05-19
Banana (Ripening),-,-,-,Kongowea,15.71/Kg,-,,Mombasa,2005-05-19
Banana (Ripening),-,-,-,Nakuru Wakulima,10.71/Kg,-,,Nakuru,2005-05-19
Banana (Ripening),-,-,-,Kibuye,12.14/Kg,-,,Kisumu,2005-05-19
Banana (Ripening),-,-,-,Chwele,14.29/Kg,-,,Bungoma,2005-05-19
Banana (Ripening),-,-,-,Karatina,17.86/Kg,-,,Nyeri,2005-05-19
Banana (Ripening),-,-,-,Nairobi Wakulima,28.57/Kg,-,,Nairobi,2005-05-19
Banana (Ripening),-,-,-,Kongowea,15.71/Kg,-,,Mombasa,2005-05-19
Banana (Ripening),-,-,-,Nakuru Wakulima,10.71/Kg,-,,Nakuru,2005-05-19
Banana (Ripening),-,-,-,Kibuye,12.14/Kg,-,,Kisumu,2005-05-19
Banana (Ripening),-,-,-,Chwele,14.29/Kg,-,,Bungoma,2005-05-19
Banana (Ripening),-,-,-,Chwele,17.86/Kg,-,,Bungoma,2005-05-19
Banana (Ripening),-,-,-,Nakuru Wakulima,26.43/Kg,-,,Nakuru,2005-05-18
Banana (Ripening),-,-,-,Chwele,14.29/Kg,-,,Bungoma,2005-05-18
Banana (Ripening),-,-,-,Kibuye,12.14/Kg,-,,Kisumu,2005-05-18
Banana (Ripening),-,-,-,Nairobi Wakulima,25.71/Kg,-,,Nairobi,2005-05-18
Banana (Ripening),-,-,-,Kongowea,21.43/Kg,-,,Mombasa,2005-05-18
Banana (Ripening),-,-,-,Nakuru Wakulima,26.43/Kg,-,,Nakuru,2005-05-18
Banana (Ripening),-,-,-,Chwele,14.29/Kg,-,,Bungoma,2005-05-18
Banana (Ripening),-,-,-,Kibuye,12.14/Kg,-,,Kisumu,2005-05-18
Banana (Ripening),-,-,-,Nairobi Wakulima,25.71/Kg,-,,Nairobi,2005-05-18
Banana (Ripening),-,-,-,Kongowea,21.43/Kg,-,,Mombasa,2005-05-18
Banana (Ripening),-,-,-,Nairobi Wakulima,28.57/Kg,-,,Nairobi,2005-05-17
Banana (Ripening),-,-,-,Kongowea,15.36/Kg,-,,Mombasa,2005-05-17
Banana (Ripening),-,-,-,Nakuru Wakulima,10.71/Kg,-,,Nakuru,2005-05-17
Banana (Ripening),-,-,-,Chwele,14.29/Kg,-,,Bungoma,2005-05-17
Banana (Ripening),-,-,-,Karatina,17.86/Kg,-,,Nyeri,2005-05-17
Banana (Ripening),-,-,-,Wath Ong'er,10.71/Kg,-,,Migori,2005-05-17
Banana (Ripening),-,-,-,Nairobi Wakulima,28.57/Kg,-,,Nairobi,2005-05-17
Banana (Ripening),-,-,-,Kongowea,15.36/Kg,-,,Mombasa,2005-05-17
Banana (Ripening),-,-,-,Nakuru Wakulima,10.71/Kg,-,,Nakuru,2005-05-17
Banana (Ripening),-,-,-,Chwele,14.29/Kg,-,,Bungoma,2005-05-17
Banana (Ripening),-,-,-,Karatina,17.86/Kg,-,,Nyeri,2005-05-17
Banana (Ripening),-,-,-,Wath Ong'er,10.71/Kg,-,,Migori,2005-05-17
Banana (Ripening),-,-,-,Nairobi Wakulima,28.57/Kg,-,,Nairobi,2005-05-16
Banana (Ripening),-,-,-,Nakuru Wakulima,11.43/Kg,-,,Nakuru,2005-05-16
Banana (Ripening),-,-,-,Kibuye,14.29/Kg,-,,Kisumu,2005-05-16
Banana (Ripening),-,-,-,Busia Market,14.29/Kg,-,,Busia,2005-05-16
Banana (Ripening),-,-,-,Chwele,14.29/Kg,-,,Bungoma,2005-05-16
Banana (Ripening),-,-,-,Gakoromone,12.14/Kg,-,,Meru,2005-05-16
Banana (Ripening),-,-,-,Nairobi Wakulima,28.57/Kg,-,,Nairobi,2005-05-16
Banana (Ripening),-,-,-,Nakuru Wakulima,11.43/Kg,-,,Nakuru,2005-05-16
Banana (Ripening),-,-,-,Kibuye,14.29/Kg,-,,Kisumu,2005-05-16
Banana (Ripening),-,-,-,Busia Market,14.29/Kg,-,,Busia,2005-05-16
Banana (Ripening),-,-,-,Chwele,14.29/Kg,-,,Bungoma,2005-05-16
Banana (Ripening),-,-,-,Gakoromone,12.14/Kg,-,,Meru,2005-05-16
Banana (Ripening),-,-,-,Nairobi Wakulima,28.57/Kg,-,,Nairobi,2005-05-12
Banana (Ripening),-,-,-,Kongowea,16.43/Kg,-,,Mombasa,2005-05-12
Banana (Ripening),-,-,-,Nakuru Wakulima,12.14/Kg,-,,Nakuru,2005-05-12
Banana (Ripening),-,-,-,Kibuye,11.43/Kg,-,,Kisumu,2005-05-12
Banana (Ripening),-,-,-,Busia Market,12.86/Kg,-,,Busia,2005-05-12
Banana (Ripening),-,-,-,Nairobi Wakulima,28.57/Kg,-,,Nairobi,2005-05-12
Banana (Ripening),-,-,-,Kongowea,16.43/Kg,-,,Mombasa,2005-05-12
Banana (Ripening),-,-,-,Nakuru Wakulima,12.14/Kg,-,,Nakuru,2005-05-12
Banana (Ripening),-,-,-,Kibuye,11.43/Kg,-,,Kisumu,2005-05-12
Banana (Ripening),-,-,-,Busia Market,12.86/Kg,-,,Busia,2005-05-12
Banana (Ripening),-,-,-,Nairobi Wakulima,28.57/Kg,-,,Nairobi,2005-05-11
Banana (Ripening),-,-,-,Kongowea,25.00/Kg,-,,Mombasa,2005-05-11
Banana (Ripening),-,-,-,Nakuru Wakulima,26.43/Kg,-,,Nakuru,2005-05-11
Banana (Ripening),-,-,-,Kibuye,11.43/Kg,-,,Kisumu,2005-05-11
Banana (Ripening),-,-,-,Wath Ong'er,10.71/Kg,-,,Migori,2005-05-11
Banana (Ripening),-,-,-,Nairobi Wakulima,28.57/Kg,-,,Nairobi,2005-05-11
Banana (Ripening),-,-,-,Kongowea,25.00/Kg,-,,Mombasa,2005-05-11
Banana (Ripening),-,-,-,Nakuru Wakulima,26.43/Kg,-,,Nakuru,2005-05-11
Banana (Ripening),-,-,-,Kibuye,11.43/Kg,-,,Kisumu,2005-05-11
Banana (Ripening),-,-,-,Wath Ong'er,10.71/Kg,-,,Migori,2005-05-11
Banana (Ripening),-,-,-,Nairobi Wakulima,28.57/Kg,-,,Nairobi,2005-05-10
Banana (Ripening),-,-,-,Kongowea,18.21/Kg,-,,Mombasa,2005-05-10
Banana (Ripening),-,-,-,Nakuru Wakulima,11.43/Kg,-,,Nakuru,2005-05-10
Banana (Ripening),-,-,-,Wath Ong'er,10.71/Kg,-,,Migori,2005-05-10
Banana (Ripening),-,-,-,Karatina,15.71/Kg,-,,Nyeri,2005-05-10
Banana (Ripening),-,-,-,Nairobi Wakulima,28.57/Kg,-,,Nairobi,2005-05-10
Banana (Ripening),-,-,-,Kongowea,18.21/Kg,-,,Mombasa,2005-05-10
Banana (Ripening),-,-,-,Nakuru Wakulima,11.43/Kg,-,,Nakuru,2005-05-10
Banana (Ripening),-,-,-,Wath Ong'er,10.71/Kg,-,,Migori,2005-05-10
Banana (Ripening),-,-,-,Gakoromone,28.57/Kg,-,,Meru,2005-05-09
Banana (Ripening),-,-,-,Busia Market,15.71/Kg,-,,Busia,2005-05-09
Banana (Ripening),-,-,-,Nairobi Wakulima,28.57/Kg,-,,Nairobi,2005-05-09
Banana (Ripening),-,-,-,Kongowea,18.57/Kg,-,,Mombasa,2005-05-09
Banana (Ripening),-,-,-,Nakuru Wakulima,11.43/Kg,-,,Nakuru,2005-05-09
Banana (Ripening),-,-,-,Chwele,14.29/Kg,-,,Bungoma,2005-05-09
Banana (Ripening),-,-,-,Kibuye,11.43/Kg,-,,Kisumu,2005-05-09
Banana (Ripening),-,-,-,Gakoromone,11.43/Kg,-,,Meru,2005-05-09
Banana (Ripening),-,-,-,Gakoromone,28.57/Kg,-,,Meru,2005-05-09
Banana (Ripening),-,-,-,Busia Market,15.71/Kg,-,,Busia,2005-05-09
Banana (Ripening),-,-,-,Nairobi Wakulima,28.57/Kg,-,,Nairobi,2005-05-09
Banana (Ripening),-,-,-,Kongowea,18.57/Kg,-,,Mombasa,2005-05-09
Banana (Ripening),-,-,-,Nakuru Wakulima,11.43/Kg,-,,Nakuru,2005-05-09
Banana (Ripening),-,-,-,Chwele,14.29/Kg,-,,Bungoma,2005-05-09
Banana (Ripening),-,-,-,Kibuye,11.43/Kg,-,,Kisumu,2005-05-09
Banana (Ripening),-,-,-,Gakoromone,11.43/Kg,-,,Meru,2005-05-09
Banana (Ripening),-,-,-,Nairobi Wakulima,32.14/Kg,-,,Nairobi,2005-05-06
Banana (Ripening),-,-,-,Kongowea,19.29/Kg,-,,Mombasa,2005-05-06
Banana (Ripening),-,-,-,Nakuru Wakulima,11.43/Kg,-,,Nakuru,2005-05-06
Banana (Ripening),-,-,-,Chwele,14.29/Kg,-,,Bungoma,2005-05-06
Banana (Ripening),-,-,-,Kibuye,11.43/Kg,-,,Kisumu,2005-05-06
Banana (Ripening),-,-,-,Gakoromone,11.43/Kg,-,,Meru,2005-05-06
Banana (Ripening),-,-,-,Nairobi Wakulima,32.14/Kg,-,,Nairobi,2005-05-06
Banana (Ripening),-,-,-,Kongowea,19.29/Kg,-,,Mombasa,2005-05-06
Banana (Ripening),-,-,-,Nakuru Wakulima,11.43/Kg,-,,Nakuru,2005-05-06
Banana (Ripening),-,-,-,Chwele,14.29/Kg,-,,Bungoma,2005-05-06
Banana (Ripening),-,-,-,Kibuye,11.43/Kg,-,,Kisumu,2005-05-06
Banana (Ripening),-,-,-,Gakoromone,11.43/Kg,-,,Meru,2005-05-06
Banana (Ripening),-,-,-,Nairobi Wakulima,32.14/Kg,-,,Nairobi,2005-05-05
Banana (Ripening),-,-,-,Nakuru Wakulima,11.43/Kg,-,,Nakuru,2005-05-05
Banana (Ripening),-,-,-,Kongowea,21.43/Kg,-,,Mombasa,2005-05-05
Banana (Ripening),-,-,-,Busia Market,17.14/Kg,-,,Busia,2005-05-05
Banana (Ripening),-,-,-,Chwele,14.29/Kg,-,,Bungoma,2005-05-05
Banana (Ripening),-,-,-,Karatina,15.71/Kg,-,,Nyeri,2005-05-05
Banana (Ripening),-,-,-,Kibuye,12.86/Kg,-,,Kisumu,2005-05-05
Banana (Ripening),-,-,-,Nairobi Wakulima,32.14/Kg,-,,Nairobi,2005-05-05
Banana (Ripening),-,-,-,Nakuru Wakulima,11.43/Kg,-,,Nakuru,2005-05-05
Banana (Ripening),-,-,-,Kongowea,21.43/Kg,-,,Mombasa,2005-05-05
Banana (Ripening),-,-,-,Busia Market,17.14/Kg,-,,Busia,2005-05-05
Banana (Ripening),-,-,-,Chwele,14.29/Kg,-,,Bungoma,2005-05-05
Banana (Ripening),-,-,-,Karatina,15.71/Kg,-,,Nyeri,2005-05-05
Banana (Ripening),-,-,-,Kibuye,12.86/Kg,-,,Kisumu,2005-05-05
Banana (Ripening),-,-,-,Nakuru Wakulima,27.14/Kg,-,,Nakuru,2005-05-04
Banana (Ripening),-,-,-,Chwele,14.29/Kg,-,,Bungoma,2005-05-04
Banana (Ripening),-,-,-,Kibuye,12.86/Kg,-,,Kisumu,2005-05-04
Banana (Ripening),-,-,-,Nairobi Wakulima,32.14/Kg,-,,Nairobi,2005-05-04
Banana (Ripening),-,-,-,Kongowea,21.43/Kg,-,,Mombasa,2005-05-04
Banana (Ripening),-,-,-,Nakuru Wakulima,27.14/Kg,-,,Nakuru,2005-05-04
Banana (Ripening),-,-,-,Chwele,14.29/Kg,-,,Bungoma,2005-05-04
Banana (Ripening),-,-,-,Kibuye,12.86/Kg,-,,Kisumu,2005-05-04
Banana (Ripening),-,-,-,Nairobi Wakulima,32.14/Kg,-,,Nairobi,2005-05-04
Banana (Ripening),-,-,-,Kongowea,21.43/Kg,-,,Mombasa,2005-05-04
Banana (Ripening),-,-,-,Nairobi Wakulima,32.14/Kg,-,,Nairobi,2005-05-03
Banana (Ripening),-,-,-,Kongowea,17.50/Kg,-,,Mombasa,2005-05-03
Banana (Ripening),-,-,-,Nakuru Wakulima,11.43/Kg,-,,Nakuru,2005-05-03
Banana (Ripening),-,-,-,Chwele,14.29/Kg,-,,Bungoma,2005-05-03
Banana (Ripening),-,-,-,Karatina,15.71/Kg,-,,Nyeri,2005-05-03
Banana (Ripening),-,-,-,Kibuye,12.86/Kg,-,,Kisumu,2005-05-03
Banana (Ripening),-,-,-,Gakoromone,12.86/Kg,-,,Meru,2005-05-03
Banana (Ripening),-,-,-,Nairobi Wakulima,32.14/Kg,-,,Nairobi,2005-05-03
Banana (Ripening),-,-,-,Kongowea,17.50/Kg,-,,Mombasa,2005-05-03
Banana (Ripening),-,-,-,Nakuru Wakulima,11.43/Kg,-,,Nakuru,2005-05-03
Banana (Ripening),-,-,-,Chwele,14.29/Kg,-,,Bungoma,2005-05-03
Banana (Ripening),-,-,-,Chwele,15.71/Kg,-,,Bungoma,2005-05-03
Banana (Ripening),-,-,-,Kibuye,12.86/Kg,-,,Kisumu,2005-05-03
Banana (Ripening),-,-,-,Gakoromone,12.86/Kg,-,,Meru,2005-05-03
Banana (Ripening),-,-,-,Nairobi Wakulima,32.14/Kg,-,,Nairobi,2005-04-29
Banana (Ripening),-,-,-,Kongowea,25.00/Kg,-,,Mombasa,2005-04-29
Banana (Ripening),-,-,-,Nakuru Wakulima,26.43/Kg,-,,Nakuru,2005-04-29
Banana (Ripening),-,-,-,Eldoret Main,21.43/Kg,-,,Uasin-Gishu,2005-04-29
Banana (Ripening),-,-,-,Chwele,14.29/Kg,-,,Bungoma,2005-04-29
Banana (Ripening),-,-,-,Kibuye,11.43/Kg,-,,Kisumu,2005-04-29
Banana (Ripening),-,-,-,Karatina,16.43/Kg,-,,Nyeri,2005-04-29
Banana (Ripening),-,-,-,Nairobi Wakulima,32.14/Kg,-,,Nairobi,2005-04-28
Banana (Ripening),-,-,-,Kongowea,25.00/Kg,-,,Mombasa,2005-04-28
Banana (Ripening),-,-,-,Nakuru Wakulima,26.43/Kg,-,,Nakuru,2005-04-28
Banana (Ripening),-,-,-,Eldoret Main,21.43/Kg,-,,Uasin-Gishu,2005-04-28
Banana (Ripening),-,-,-,Chwele,14.29/Kg,-,,Bungoma,2005-04-28
Banana (Ripening),-,-,-,Kibuye,11.43/Kg,-,,Kisumu,2005-04-28
Banana (Ripening),-,-,-,Nairobi Wakulima,32.14/Kg,-,,Nairobi,2005-04-27
Banana (Ripening),-,-,-,Kongowea,25.00/Kg,-,,Mombasa,2005-04-27
Banana (Ripening),-,-,-,Nakuru Wakulima,26.43/Kg,-,,Nakuru,2005-04-27
Banana (Ripening),-,-,-,Eldoret Main,21.43/Kg,-,,Uasin-Gishu,2005-04-27
Banana (Ripening),-,-,-,Chwele,14.29/Kg,-,,Bungoma,2005-04-27
Banana (Ripening),-,-,-,Nairobi Wakulima,32.14/Kg,-,,Nairobi,2005-04-26
Banana (Ripening),-,-,-,Kongowea,25.00/Kg,-,,Mombasa,2005-04-26
Banana (Ripening),-,-,-,Nakuru Wakulima,26.43/Kg,-,,Nakuru,2005-04-26
Banana (Ripening),-,-,-,Eldoret Main,21.43/Kg,-,,Uasin-Gishu,2005-04-26
Banana (Ripening),-,-,-,Chwele,14.29/Kg,-,,Bungoma,2005-04-26
Banana (Ripening),-,-,-,Karatina,16.43/Kg,-,,Nyeri,2005-04-26
Banana (Ripening),-,-,-,Loitoktok Market,21.43/Kg,-,,Kajiado,2005-04-26
Banana (Ripening),-,-,-,Kibuye,11.43/Kg,-,,Kisumu,2005-04-26
Banana (Ripening),-,-,-,Nairobi Wakulima,32.14/Kg,-,,Nairobi,2005-04-25
Banana (Ripening),-,-,-,Kongowea,17.50/Kg,-,,Mombasa,2005-04-25
Banana (Ripening),-,-,-,Nakuru Wakulima,12.14/Kg,-,,Nakuru,2005-04-25
Banana (Ripening),-,-,-,Eldoret Main,20.00/Kg,-,,Uasin-Gishu,2005-04-25
Banana (Ripening),-,-,-,Chwele,12.86/Kg,-,,Bungoma,2005-04-25
Banana (Ripening),-,-,-,Busia Market,12.86/Kg,-,,Busia,2005-04-25
Banana (Ripening),-,-,-,Wath Ong'er,10.71/Kg,-,,Migori,2005-04-25
Banana (Ripening),-,-,-,Gakoromone,12.86/Kg,-,,Meru,2005-04-25
Banana (Ripening),-,-,-,Nairobi Wakulima,28.57/Kg,-,,Nairobi,2005-04-22
Banana (Ripening),-,-,-,Chwele,14.29/Kg,-,,Bungoma,2005-04-22
Banana (Ripening),-,-,-,Nakuru Wakulima,10.71/Kg,-,,Nakuru,2005-04-22
Banana (Ripening),-,-,-,Eldoret Main,20.00/Kg,-,,Uasin-Gishu,2005-04-22
Banana (Ripening),-,-,-,Nairobi Wakulima,28.57/Kg,-,,Nairobi,2005-04-21
Banana (Ripening),-,-,-,Karatina,12.86/Kg,-,,Nyeri,2005-04-21
Banana (Ripening),-,-,-,Chwele,14.29/Kg,-,,Bungoma,2005-04-21
Banana (Ripening),-,-,-,Busia Market,15.71/Kg,-,,Busia,2005-04-21
Banana (Ripening),-,-,-,Chwele,14.29/Kg,-,,Bungoma,2005-04-21
Banana (Ripening),-,-,-,Nairobi Wakulima,28.57/Kg,-,,Nairobi,2005-04-20
Banana (Ripening),-,-,-,Kibuye,11.43/Kg,-,,Kisumu,2005-04-20
Banana (Ripening),-,-,-,Chwele,14.29/Kg,-,,Bungoma,2005-04-20
Banana (Ripening),-,-,-,Bondo,17.86/Kg,-,,Siaya,2005-04-20
Banana (Ripening),-,-,-,Loitoktok Market,10.71/Kg,-,,Kajiado,2005-04-20
Banana (Ripening),-,-,-,Eldoret Main,20.00/Kg,-,,Uasin-Gishu,2005-04-20
Banana (Ripening),-,-,-,Nairobi Wakulima,27.14/Kg,-,,Nairobi,2005-04-19
Banana (Ripening),-,-,-,Kongowea,21.43/Kg,-,,Mombasa,2005-04-19
Banana (Ripening),-,-,-,Chwele,12.86/Kg,-,,Bungoma,2005-04-19
Banana (Ripening),-,-,-,Wath Ong'er,10.71/Kg,-,,Migori,2005-04-19
Banana (Ripening),-,-,-,Kibuye,10.71/Kg,-,,Kisumu,2005-04-19
Banana (Ripening),-,-,-,Nairobi Wakulima,27.14/Kg,-,,Nairobi,2005-04-18
Banana (Ripening),-,-,-,Kongowea,17.14/Kg,-,,Mombasa,2005-04-18
Banana (Ripening),-,-,-,Chwele,14.29/Kg,-,,Bungoma,2005-04-18
Banana (Ripening),-,-,-,Gakoromone,12.14/Kg,-,,Meru,2005-04-18
Banana (Ripening),-,-,-,Eldoret Main,20.00/Kg,-,,Uasin-Gishu,2005-04-18
Banana (Ripening),-,-,-,Nairobi Wakulima,28.57/Kg,-,,Nairobi,2005-04-15
Banana (Ripening),-,-,-,Kongowea,17.50/Kg,-,,Mombasa,2005-04-15
Banana (Ripening),-,-,-,Kibuye,11.43/Kg,-,,Kisumu,2005-04-15
Banana (Ripening),-,-,-,Chwele,12.86/Kg,-,,Bungoma,2005-04-15
Banana (Ripening),-,-,-,Eldoret Main,21.43/Kg,-,,Uasin-Gishu,2005-04-15
Banana (Ripening),-,-,-,Gakoromone,11.43/Kg,-,,Meru,2005-04-15
Banana (Ripening),-,-,-,Gakoromone,15.71/Kg,-,,Meru,2005-04-15
Banana (Ripening),-,-,-,Gakoromone,17.14/Kg,-,,Meru,2005-04-15
Banana (Ripening),-,-,-,Nairobi Wakulima,32.14/Kg,-,,Nairobi,2005-04-14
Banana (Ripening),-,-,-,Kongowea,15.71/Kg,-,,Mombasa,2005-04-14
Banana (Ripening),-,-,-,Kibuye,12.14/Kg,-,,Kisumu,2005-04-14
Banana (Ripening),-,-,-,Chwele,12.86/Kg,-,,Bungoma,2005-04-14
Banana (Ripening),-,-,-,Eldoret Main,21.43/Kg,-,,Uasin-Gishu,2005-04-14
Banana (Ripening),-,-,-,Chwele,12.86/Kg,-,,Bungoma,2005-04-14
Banana (Ripening),-,-,-,Karatina,15.71/Kg,-,,Nyeri,2005-04-14
Banana (Ripening),-,-,-,Busia Market,17.14/Kg,-,,Busia,2005-04-14
Banana (Ripening),-,-,-,Nairobi Wakulima,32.14/Kg,-,,Nairobi,2005-04-13
Banana (Ripening),-,-,-,Kongowea,15.71/Kg,-,,Mombasa,2005-04-13
Banana (Ripening),-,-,-,Kibuye,11.43/Kg,-,,Kisumu,2005-04-13
Banana (Ripening),-,-,-,Chwele,12.86/Kg,-,,Bungoma,2005-04-13
Banana (Ripening),-,-,-,Nakuru Wakulima,9.29/Kg,-,,Nakuru,2005-04-13
Banana (Ripening),-,-,-,Eldoret Main,14.29/Kg,-,,Uasin-Gishu,2005-04-13
Banana (Ripening),-,-,-,Loitoktok Market,10.71/Kg,-,,Kajiado,2005-04-13
Banana (Ripening),-,-,-,Nairobi Wakulima,28.57/Kg,-,,Nairobi,2005-04-08
Banana (Ripening),-,-,-,Kongowea,18.21/Kg,-,,Mombasa,2005-04-08
Banana (Ripening),-,-,-,Kibuye,10.71/Kg,-,,Kisumu,2005-04-08
Banana (Ripening),-,-,-,Chwele,12.86/Kg,-,,Bungoma,2005-04-08
Banana (Ripening),-,-,-,Nairobi Wakulima,27.14/Kg,-,,Nairobi,2005-04-07
Banana (Ripening),-,-,-,Kongowea,21.43/Kg,-,,Mombasa,2005-04-07
Banana (Ripening),-,-,-,Busia Market,18.57/Kg,-,,Busia,2005-04-07
Banana (Ripening),-,-,-,Karatina,17.86/Kg,-,,Nyeri,2005-04-07
Banana (Ripening),-,-,-,Chwele,12.86/Kg,-,,Bungoma,2005-04-07
Banana (Ripening),-,-,-,Nairobi Wakulima,25.00/Kg,-,,Nairobi,2005-04-06
Banana (Ripening),-,-,-,Kongowea,16.43/Kg,-,,Mombasa,2005-04-06
Banana (Ripening),-,-,-,Nakuru Wakulima,11.43/Kg,-,,Nakuru,2005-04-06
Banana (Ripening),-,-,-,Wath Ong'er,10.71/Kg,-,,Migori,2005-04-06
Banana (Ripening),-,-,-,Chwele,12.86/Kg,-,,Bungoma,2005-04-06
Banana (Ripening),-,-,-,Loitoktok Market,10.71/Kg,-,,Kajiado,2005-04-06
Banana (Ripening),-,-,-,Nairobi Wakulima,25.71/Kg,-,,Nairobi,2005-04-05
Banana (Ripening),-,-,-,Kongowea,21.43/Kg,-,,Mombasa,2005-04-05
Banana (Ripening),-,-,-,Nakuru Wakulima,27.14/Kg,-,,Nakuru,2005-04-05
Banana (Ripening),-,-,-,Karatina,15.71/Kg,-,,Nyeri,2005-04-05
Banana (Ripening),-,-,-,Chwele,12.14/Kg,-,,Bungoma,2005-04-05
Banana (Ripening),-,-,-,Nairobi Wakulima,30.00/Kg,-,,Nairobi,2005-04-04
Banana (Ripening),-,-,-,Kongowea,24.64/Kg,-,,Mombasa,2005-04-04
Banana (Ripening),-,-,-,Nakuru Wakulima,11.43/Kg,-,,Nakuru,2005-04-04
Banana (Ripening),-,-,-,Gakoromone,10.00/Kg,-,,Meru,2005-04-04
Banana (Ripening),-,-,-,Busia Market,17.14/Kg,-,,Busia,2005-04-04
Banana (Ripening),-,-,-,Chwele,12.86/Kg,-,,Bungoma,2005-04-04
Banana (Ripening),-,-,-,Nairobi Wakulima,30.00/Kg,-,,Nairobi,2005-03-31
Banana (Ripening),-,-,-,Kongowea,28.57/Kg,-,,Mombasa,2005-03-31
Banana (Ripening),-,-,-,Eldoret Main,17.86/Kg,-,,Uasin-Gishu,2005-03-31
Banana (Ripening),-,-,-,Nakuru Wakulima,27.14/Kg,-,,Nakuru,2005-03-31
Banana (Ripening),-,-,-,Chwele,11.43/Kg,-,,Bungoma,2005-03-31
Banana (Ripening),-,-,-,Busia Market,22.86/Kg,-,,Busia,2005-03-31
Banana (Ripening),-,-,-,Nairobi Wakulima,30.00/Kg,-,,Nairobi,2005-03-24
Banana (Ripening),-,-,-,Kongowea,28.57/Kg,-,,Mombasa,2005-03-24
Banana (Ripening),-,-,-,Kibuye,7.14/Kg,-,,Kisumu,2005-03-24
Banana (Ripening),-,-,-,Nakuru Wakulima,27.14/Kg,-,,Nakuru,2005-03-24
Banana (Ripening),-,-,-,Chwele,11.43/Kg,-,,Bungoma,2005-03-24
Banana (Ripening),-,-,-,Eldoret Main,17.86/Kg,-,,Uasin-Gishu,2005-03-24
Banana (Ripening),-,-,-,Bondo,20.00/Kg,-,,Siaya,2005-03-24
Banana (Ripening),-,-,-,Nairobi Wakulima,30.00/Kg,-,,Nairobi,2005-03-23
Banana (Ripening),-,-,-,Kongowea,28.57/Kg,-,,Mombasa,2005-03-23
Banana (Ripening),-,-,-,Kibuye,7.14/Kg,-,,Kisumu,2005-03-23
Banana (Ripening),-,-,-,Nakuru Wakulima,27.14/Kg,-,,Nakuru,2005-03-23
Banana (Ripening),-,-,-,Chwele,11.43/Kg,-,,Bungoma,2005-03-23
Banana (Ripening),-,-,-,Bondo,20.00/Kg,-,,Siaya,2005-03-23
Banana (Ripening),-,-,-,Eldoret Main,17.86/Kg,-,,Uasin-Gishu,2005-03-23
Banana (Ripening),-,-,-,Nairobi Wakulima,30.00/Kg,-,,Nairobi,2005-03-22
Banana (Ripening),-,-,-,Kongowea,25.00/Kg,-,,Mombasa,2005-03-22
Banana (Ripening),-,-,-,Kibuye,7.14/Kg,-,,Kisumu,2005-03-22
Banana (Ripening),-,-,-,Nakuru Wakulima,27.14/Kg,-,,Nakuru,2005-03-22
Banana (Ripening),-,-,-,Chwele,11.43/Kg,-,,Bungoma,2005-03-22
Banana (Ripening),-,-,-,Wath Ong'er,5.71/Kg,-,,Migori,2005-03-22
Banana (Ripening),-,-,-,Karatina,12.86/Kg,-,,Nyeri,2005-03-22
Banana (Ripening),-,-,-,Nairobi Wakulima,25.00/Kg,-,,Nairobi,2005-03-21
Banana (Ripening),-,-,-,Kongowea,25.00/Kg,-,,Mombasa,2005-03-21
Banana (Ripening),-,-,-,Kibuye,7.14/Kg,-,,Kisumu,2005-03-21
Banana (Ripening),-,-,-,Nakuru Wakulima,27.14/Kg,-,,Nakuru,2005-03-21
Banana (Ripening),-,-,-,Chwele,11.43/Kg,-,,Bungoma,2005-03-21
Banana (Ripening),-,-,-,Busia Market,22.86/Kg,-,,Busia,2005-03-21
Banana (Ripening),-,-,-,Gakoromone,28.57/Kg,-,,Meru,2005-03-21
Banana (Ripening),-,-,-,Nairobi Wakulima,25.71/Kg,-,,Nairobi,2005-03-18
Banana (Ripening),-,-,-,Kongowea,21.43/Kg,-,,Mombasa,2005-03-18
Banana (Ripening),-,-,-,Chwele,12.86/Kg,-,,Bungoma,2005-03-18
Banana (Ripening),-,-,-,Gakoromone,28.57/Kg,-,,Meru,2005-03-18
Banana (Ripening),-,-,-,Eldoret Main,18.57/Kg,-,,Uasin-Gishu,2005-03-18
Banana (Ripening),-,-,-,Kibuye,12.86/Kg,-,,Kisumu,2005-03-18
Banana (Ripening),-,-,-,Nairobi Wakulima,25.00/Kg,-,,Nairobi,2005-03-16
Banana (Ripening),-,-,-,Kongowea,17.86/Kg,-,,Mombasa,2005-03-16
Banana (Ripening),-,-,-,Wath Ong'er,10.71/Kg,-,,Migori,2005-03-16
Banana (Ripening),-,-,-,Nakuru Wakulima,27.14/Kg,-,,Nakuru,2005-03-16
Banana (Ripening),-,-,-,Chwele,12.86/Kg,-,,Bungoma,2005-03-16
Banana (Ripening),-,-,-,Kibuye,14.29/Kg,-,,Kisumu,2005-03-16
Banana (Ripening),-,-,-,Nairobi Wakulima,25.00/Kg,-,,Nairobi,2005-03-15
Banana (Ripening),-,-,-,Kongowea,21.43/Kg,-,,Mombasa,2005-03-15
Banana (Ripening),-,-,-,Kibuye,12.86/Kg,-,,Kisumu,2005-03-15
Banana (Ripening),-,-,-,Wath Ong'er,5.71/Kg,-,,Migori,2005-03-15
Banana (Ripening),-,-,-,Chwele,11.43/Kg,-,,Bungoma,2005-03-15
Banana (Ripening),-,-,-,Nairobi Wakulima,28.57/Kg,-,,Nairobi,2005-03-14
Banana (Ripening),-,-,-,Kongowea,21.43/Kg,-,,Mombasa,2005-03-14
Banana (Ripening),-,-,-,Kibuye,12.86/Kg,-,,Kisumu,2005-03-14
Banana (Ripening),-,-,-,Bondo,17.86/Kg,-,,Siaya,2005-03-14
Banana (Ripening),-,-,-,Busia Market,22.86/Kg,-,,Busia,2005-03-14
Banana (Ripening),-,-,-,Chwele,11.43/Kg,-,,Bungoma,2005-03-14
Banana (Ripening),-,-,-,Gakoromone,9.29/Kg,-,,Meru,2005-03-14
Banana (Ripening),-,-,-,Nairobi Wakulima,25.00/Kg,-,,Nairobi,2005-03-11
Banana (Ripening),-,-,-,Kongowea,17.50/Kg,-,,Mombasa,2005-03-11
Banana (Ripening),-,-,-,Kibuye,12.86/Kg,-,,Kisumu,2005-03-11
Banana (Ripening),-,-,-,Nakuru Wakulima,10.71/Kg,-,,Nakuru,2005-03-11
Banana (Ripening),-,-,-,Karatina,8.57/Kg,-,,Nyeri,2005-03-11
Banana (Ripening),-,-,-,Eldoret Main,14.29/Kg,-,,Uasin-Gishu,2005-03-11
Banana (Ripening),-,-,-,Chwele,11.43/Kg,-,,Bungoma,2005-03-11
Banana (Ripening),-,-,-,Nairobi Wakulima,25.00/Kg,-,,Nairobi,2005-03-10
Banana (Ripening),-,-,-,Kongowea,21.43/Kg,-,,Mombasa,2005-03-10
Banana (Ripening),-,-,-,Nakuru Wakulima,10.00/Kg,-,,Nakuru,2005-03-10
Banana (Ripening),-,-,-,Chwele,12.86/Kg,-,,Bungoma,2005-03-10
Banana (Ripening),-,-,-,Eldoret Main,20.00/Kg,-,,Uasin-Gishu,2005-03-10
Banana (Ripening),-,-,-,Nairobi Wakulima,30.00/Kg,-,,Nairobi,2005-03-09
Banana (Ripening),-,-,-,Kongowea,16.07/Kg,-,,Mombasa,2005-03-09
Banana (Ripening),-,-,-,Karatina,12.86/Kg,-,,Nyeri,2005-03-09
Banana (Ripening),-,-,-,Nakuru Wakulima,10.00/Kg,-,,Nakuru,2005-03-09
Banana (Ripening),-,-,-,Gakoromone,9.29/Kg,-,,Meru,2005-03-09
Banana (Ripening),-,-,-,Nairobi Wakulima,25.00/Kg,-,,Nairobi,2005-03-08
Banana (Ripening),-,-,-,Kongowea,16.07/Kg,-,,Mombasa,2005-03-08
Banana (Ripening),-,-,-,Karatina,12.86/Kg,-,,Nyeri,2005-03-08
Banana (Ripening),-,-,-,Nakuru Wakulima,10.00/Kg,-,,Nakuru,2005-03-08
Banana (Ripening),-,-,-,Nairobi Wakulima,28.57/Kg,-,,Nairobi,2005-03-07
Banana (Ripening),-,-,-,Kongowea,21.43/Kg,-,,Mombasa,2005-03-07
Banana (Ripening),-,-,-,Nakuru Wakulima,25.71/Kg,-,,Nakuru,2005-03-07
Banana (Ripening),-,-,-,Bondo,17.86/Kg,-,,Siaya,2005-03-07
Banana (Ripening),-,-,-,Kibuye,12.86/Kg,-,,Kisumu,2005-03-07
Banana (Ripening),-,-,-,Wath Ong'er,2.86/Kg,-,,Migori,2005-03-07
Banana (Ripening),-,-,-,Gakoromone,9.29/Kg,-,,Meru,2005-03-07
Banana (Ripening),-,-,-,Chwele,28.57/Kg,-,,Bungoma,2005-03-07
Banana (Ripening),-,-,-,Nairobi Wakulima,28.57/Kg,-,,Nairobi,2005-03-04
Banana (Ripening),-,-,-,Kongowea,17.86/Kg,-,,Mombasa,2005-03-04
Banana (Ripening),-,-,-,Gakoromone,9.29/Kg,-,,Meru,2005-03-04
Banana (Ripening),-,-,-,Nakuru Wakulima,11.43/Kg,-,,Nakuru,2005-03-04
Banana (Ripening),-,-,-,Kibuye,12.86/Kg,-,,Kisumu,2005-03-04
Banana (Ripening),-,-,-,Chwele,11.43/Kg,-,,Bungoma,2005-03-04
Banana (Ripening),-,-,-,Nairobi Wakulima,28.57/Kg,-,,Nairobi,2005-03-03
Banana (Ripening),-,-,-,Kongowea,18.21/Kg,-,,Mombasa,2005-03-03
Banana (Ripening),-,-,-,Busia Market,21.43/Kg,-,,Busia,2005-03-03
Banana (Ripening),-,-,-,Nakuru Wakulima,10.00/Kg,-,,Nakuru,2005-03-03
Banana (Ripening),-,-,-,Kibuye,14.29/Kg,-,,Kisumu,2005-03-03
Banana (Ripening),-,-,-,Chwele,150.00/Kg,-,,Bungoma,2005-03-03
Banana (Ripening),-,-,-,Karatina,12.86/Kg,-,,Nyeri,2005-03-03
Banana (Ripening),-,-,-,Nairobi Wakulima,28.57/Kg,-,,Nairobi,2005-03-02
Banana (Ripening),-,-,-,Kongowea,28.57/Kg,-,,Mombasa,2005-03-02
Banana (Ripening),-,-,-,Nakuru Wakulima,26.43/Kg,-,,Nakuru,2005-03-02
Banana (Ripening),-,-,-,Kibuye,12.86/Kg,-,,Kisumu,2005-03-02
Banana (Ripening),-,-,-,Chwele,12.86/Kg,-,,Bungoma,2005-03-02
Banana (Ripening),-,-,-,Eldoret Main,14.29/Kg,-,,Uasin-Gishu,2005-03-02
Banana (Ripening),-,-,-,Karatina,12.86/Kg,-,,Nyeri,2005-03-01
Banana (Ripening),-,-,-,Kongowea,18.21/Kg,-,,Mombasa,2005-03-01
Banana (Ripening),-,-,-,Chwele,150.00/Kg,-,,Bungoma,2005-03-01
Banana (Ripening),-,-,-,Nakuru Wakulima,10.00/Kg,-,,Nakuru,2005-03-01
Banana (Ripening),-,-,-,Kibuye,14.29/Kg,-,,Kisumu,2005-03-01
Banana (Ripening),-,-,-,Eldoret Main,16.43/Kg,-,,Uasin-Gishu,2005-03-01
Banana (Ripening),-,-,-,Nairobi Wakulima,28.57/Kg,-,,Nairobi,2005-03-01
Banana (Ripening),-,-,-,Nairobi Wakulima,25.00/Kg,-,,Nairobi,2005-02-24
Banana (Ripening),-,-,-,Kongowea,25.00/Kg,-,,Mombasa,2005-02-24
Banana (Ripening),-,-,-,Kibuye,12.86/Kg,-,,Kisumu,2005-02-24
Banana (Ripening),-,-,-,Nakuru Wakulima,26.43/Kg,-,,Nakuru,2005-02-24
Banana (Ripening),-,-,-,Chwele,11.43/Kg,-,,Bungoma,2005-02-24
Banana (Ripening),-,-,-,Karatina,14.29/Kg,-,,Nyeri,2005-02-24
Banana (Ripening),-,-,-,Nairobi Wakulima,25.00/Kg,-,,Nairobi,2005-02-23
Banana (Ripening),-,-,-,Kongowea,21.43/Kg,-,,Mombasa,2005-02-23
Banana (Ripening),-,-,-,Kibuye,12.86/Kg,-,,Kisumu,2005-02-23
Banana (Ripening),-,-,-,Nakuru Wakulima,27.14/Kg,-,,Nakuru,2005-02-23
Banana (Ripening),-,-,-,Chwele,11.43/Kg,-,,Bungoma,2005-02-23
Banana (Ripening),-,-,-,Taveta,21.43/Kg,-,,Taita-Taveta,2005-02-23
Banana (Ripening),-,-,-,Eldoret Main,16.43/Kg,-,,Uasin-Gishu,2005-02-23
Banana (Ripening),-,-,-,Nairobi Wakulima,25.00/Kg,-,,Nairobi,2005-02-22
Banana (Ripening),-,-,-,Kongowea,25.00/Kg,-,,Mombasa,2005-02-22
Banana (Ripening),-,-,-,Kibuye,12.86/Kg,-,,Kisumu,2005-02-22
Banana (Ripening),-,-,-,Nakuru Wakulima,26.43/Kg,-,,Nakuru,2005-02-22
Banana (Ripening),-,-,-,Chwele,11.43/Kg,-,,Bungoma,2005-02-22
Banana (Ripening),-,-,-,Wath Ong'er,10.71/Kg,-,,Migori,2005-02-22
Banana (Ripening),-,-,-,Bondo,21.43/Kg,-,,Siaya,2005-02-22
Banana (Ripening),-,-,-,Karatina,14.29/Kg,-,,Nyeri,2005-02-22
Banana (Ripening),-,-,-,Nairobi Wakulima,25.71/Kg,-,,Nairobi,2005-02-21
Banana (Ripening),-,-,-,Kongowea,17.86/Kg,-,,Mombasa,2005-02-21
Banana (Ripening),-,-,-,Kibuye,12.86/Kg,-,,Kisumu,2005-02-21
Banana (Ripening),-,-,-,Nakuru Wakulima,10.71/Kg,-,,Nakuru,2005-02-21
Banana (Ripening),-,-,-,Chwele,10.00/Kg,-,,Bungoma,2005-02-21
Banana (Ripening),-,-,-,Nairobi Wakulima,28.57/Kg,-,,Nairobi,2005-02-17
Banana (Ripening),-,-,-,Kongowea,16.43/Kg,-,,Mombasa,2005-02-17
Banana (Ripening),-,-,-,Chwele,10.71/Kg,-,,Bungoma,2005-02-17
Banana (Ripening),-,-,-,Nakuru Wakulima,10.00/Kg,-,,Nakuru,2005-02-17
Banana (Ripening),-,-,-,Karatina,14.29/Kg,-,,Nyeri,2005-02-17
Banana (Ripening),-,-,-,Nairobi Wakulima,28.57/Kg,-,,Nairobi,2005-02-16
Banana (Ripening),-,-,-,Kongowea,16.43/Kg,-,,Mombasa,2005-02-16
Banana (Ripening),-,-,-,Bondo,21.43/Kg,-,,Siaya,2005-02-16
Banana (Ripening),-,-,-,Nakuru Wakulima,10.00/Kg,-,,Nakuru,2005-02-16
Banana (Ripening),-,-,-,Nairobi Wakulima,28.57/Kg,-,,Nairobi,2005-02-15
Banana (Ripening),-,-,-,Kongowea,16.43/Kg,-,,Mombasa,2005-02-15
Banana (Ripening),-,-,-,Kibuye,12.86/Kg,-,,Kisumu,2005-02-15
Banana (Ripening),-,-,-,Nakuru Wakulima,10.00/Kg,-,,Nakuru,2005-02-15
Banana (Ripening),-,-,-,Karatina,14.29/Kg,-,,Nyeri,2005-02-15
Banana (Ripening),-,-,-,Wath Ong'er,10.71/Kg,-,,Migori,2005-02-15
Banana (Ripening),-,-,-,Nairobi Wakulima,21.43/Kg,-,,Nairobi,2005-02-14
Banana (Ripening),-,-,-,Kongowea,17.14/Kg,-,,Mombasa,2005-02-14
Banana (Ripening),-,-,-,Kibuye,12.86/Kg,-,,Kisumu,2005-02-14
Banana (Ripening),-,-,-,Nakuru Wakulima,27.14/Kg,-,,Nakuru,2005-02-14
Banana (Ripening),-,-,-,Eldoret Main,16.43/Kg,-,,Uasin-Gishu,2005-02-14
Banana (Ripening),-,-,-,Nairobi Wakulima,21.43/Kg,-,,Nairobi,2005-02-11
Banana (Ripening),-,-,-,Kongowea,16.43/Kg,-,,Mombasa,2005-02-11
Banana (Ripening),-,-,-,Kibuye,12.86/Kg,-,,Kisumu,2005-02-11
Banana (Ripening),-,-,-,Nakuru Wakulima,10.71/Kg,-,,Nakuru,2005-02-11
Banana (Ripening),-,-,-,Gakoromone,10.71/Kg,-,,Meru,2005-02-11
Banana (Ripening),-,-,-,Nairobi Wakulima,27.14/Kg,-,,Nairobi,2005-02-10
Banana (Ripening),-,-,-,Kongowea,27.14/Kg,-,,Mombasa,2005-02-10
Banana (Ripening),-,-,-,Karatina,21.43/Kg,-,,Nyeri,2005-02-10
Banana (Ripening),-,-,-,Nakuru Wakulima,26.43/Kg,-,,Nakuru,2005-02-10
Banana (Ripening),-,-,-,Nairobi Wakulima,30.00/Kg,-,,Nairobi,2005-02-09
Banana (Ripening),-,-,-,Kongowea,27.14/Kg,-,,Mombasa,2005-02-09
Banana (Ripening),-,-,-,Taveta,21.43/Kg,-,,Taita-Taveta,2005-02-09
Banana (Ripening),-,-,-,Nakuru Wakulima,26.43/Kg,-,,Nakuru,2005-02-09
Banana (Ripening),-,-,-,Bondo,21.43/Kg,-,,Siaya,2005-02-09
Banana (Ripening),-,-,-,Nairobi Wakulima,28.57/Kg,-,,Nairobi,2005-02-08
Banana (Ripening),-,-,-,Kongowea,15.00/Kg,-,,Mombasa,2005-02-08
Banana (Ripening),-,-,-,Wath Ong'er,10.71/Kg,-,,Migori,2005-02-08
Banana (Ripening),-,-,-,Nakuru Wakulima,10.71/Kg,-,,Nakuru,2005-02-08
Banana (Ripening),-,-,-,Karatina,14.29/Kg,-,,Nyeri,2005-02-08
Banana (Ripening),-,-,-,Nairobi Wakulima,25.71/Kg,-,,Nairobi,2005-02-07
Banana (Ripening),-,-,-,Kongowea,28.57/Kg,-,,Mombasa,2005-02-07
Banana (Ripening),-,-,-,Nakuru Wakulima,27.14/Kg,-,,Nakuru,2005-02-07
Banana (Ripening),-,-,-,Bondo,17.86/Kg,-,,Siaya,2005-02-07
Banana (Ripening),-,-,-,Nairobi Wakulima,28.57/Kg,-,,Nairobi,2005-02-04
Banana (Ripening),-,-,-,Kongowea,28.57/Kg,-,,Mombasa,2005-02-04
Banana (Ripening),-,-,-,Taveta,21.43/Kg,-,,Taita-Taveta,2005-02-04
Banana (Ripening),-,-,-,Nakuru Wakulima,27.14/Kg,-,,Nakuru,2005-02-04
Banana (Ripening),-,-,-,Bondo,17.86/Kg,-,,Siaya,2005-02-04
Banana (Ripening),-,-,-,Nairobi Wakulima,28.57/Kg,-,,Nairobi,2005-02-03
Banana (Ripening),-,-,-,Kongowea,15.71/Kg,-,,Mombasa,2005-02-03
Banana (Ripening),-,-,-,Nakuru Wakulima,27.14/Kg,-,,Nakuru,2005-02-03
Banana (Ripening),-,-,-,Bondo,17.86/Kg,-,,Siaya,2005-02-03
Banana (Ripening),-,-,-,Nairobi Wakulima,25.00/Kg,-,,Nairobi,2005-02-02
Banana (Ripening),-,-,-,Kongowea,15.71/Kg,-,,Mombasa,2005-02-02
Banana (Ripening),-,-,-,Bondo,17.86/Kg,-,,Siaya,2005-02-02
Banana (Ripening),-,-,-,Taveta,21.43/Kg,-,,Taita-Taveta,2005-02-02
Banana (Ripening),-,-,-,Karatina,12.86/Kg,-,,Nyeri,2005-02-01
Banana (Ripening),-,-,-,Kongowea,28.57/Kg,-,,Mombasa,2005-02-01
Banana (Ripening),-,-,-,Wath Ong'er,10.71/Kg,-,,Migori,2005-02-01
Banana (Ripening),-,-,-,Nakuru Wakulima,10.71/Kg,-,,Nakuru,2005-02-01
Banana (Ripening),-,-,-,Kibuye,14.29/Kg,-,,Kisumu,2005-02-01
